2026-07-25T11:31:11.856+05:30  INFO 10172 --- [student-Registration] [main] .s.r.StudentRegistrationApplicationTests : Starting StudentRegistrationApplicationTests using Java 17 with PID 10172 (started by eCMS in D:\RCSC_SPRMS\SPRMS MAIN\SPRMS_STUDENT_REGISTRATION)
2026-07-25T11:31:11.861+05:30  INFO 10172 --- [student-Registration] [main] .s.r.StudentRegistrationApplicationTests : The following 1 profile is active: "prod"
2026-07-25T11:31:12.677+05:30  INFO 10172 --- [student-Registration] [main] .s.d.r.c.RepositoryConfigurationDelegate : Bootstrapping Spring Data JPA repositories in DEFAULT mode.
2026-07-25T11:31:12.823+05:30  INFO 10172 --- [student-Registration] [main] .s.d.r.c.RepositoryConfigurationDelegate : Finished Spring Data repository scanning in 139 ms. Found 9 JPA repository interfaces.
2026-07-25T11:31:13.870+05:30  INFO 10172 --- [student-Registration] [main] o.hibernate.jpa.internal.util.LogHelper  : HHH000204: Processing PersistenceUnitInfo [name: default]
2026-07-25T11:31:13.958+05:30  INFO 10172 --- [student-Registration] [main] org.hibernate.Version                    : HHH000412: Hibernate ORM core version 6.5.3.Final
2026-07-25T11:31:13.996+05:30  INFO 10172 --- [student-Registration] [main] o.h.c.internal.RegionFactoryInitiator    : HHH000026: Second-level cache disabled
2026-07-25T11:31:14.308+05:30  INFO 10172 --- [student-Registration] [main] o.s.o.j.p.SpringPersistenceUnitInfo      : No LoadTimeWeaver setup: ignoring JPA class transformer
2026-07-25T11:31:14.335+05:30  INFO 10172 --- [student-Registration] [main] com.zaxxer.hikari.HikariDataSource       : SPRMS-HikariPool - Starting...
2026-07-25T11:31:14.558+05:30  INFO 10172 --- [student-Registration] [main] com.zaxxer.hikari.pool.HikariPool        : SPRMS-HikariPool - Added connection com.mysql.cj.jdbc.ConnectionImpl@6247c08c
2026-07-25T11:31:14.561+05:30  INFO 10172 --- [student-Registration] [main] com.zaxxer.hikari.HikariDataSource       : SPRMS-HikariPool - Start completed.
2026-07-25T11:31:15.449+05:30  INFO 10172 --- [student-Registration] [main] o.h.e.t.j.p.i.JtaPlatformInitiator       : HHH000489: No JTA platform available (set 'hibernate.transaction.jta.platform' to enable JTA platform integration)
2026-07-25T11:31:15.463+05:30  INFO 10172 --- [student-Registration] [main] org.hibernate.orm.connections.access     : HHH10001501: Connection obtained from JdbcConnectionAccess [org.hibernate.engine.jdbc.env.internal.JdbcEnvironmentInitiator$ConnectionProviderJdbcConnectionAccess@283595db] for (non-JTA) DDL execution was not in auto-commit mode; the Connection 'local transaction' will be committed and the Connection will be set into auto-commit mode.
2026-07-25T11:31:15.522+05:30  INFO 10172 --- [student-Registration] [main] j.LocalContainerEntityManagerFactoryBean : Initialized JPA EntityManagerFactory for persistence unit 'default'
2026-07-25T11:31:17.300+05:30  INFO 10172 --- [student-Registration] [main] c.s.r.config.Resilience4jConfig          : Retry listener registered for bcseaApi
2026-07-25T11:31:17.465+05:30  INFO 10172 --- [student-Registration] [main] o.s.d.j.r.query.QueryEnhancerFactory     : Hibernate is in classpath; If applicable, HQL parser will be used.
2026-07-25T11:31:17.958+05:30  WARN 10172 --- [student-Registration] [main] JpaBaseConfiguration$JpaWebConfiguration : spring.jpa.open-in-view is enabled by default. Therefore, database queries may be performed during view rendering. Explicitly configure spring.jpa.open-in-view to disable this warning
2026-07-25T11:31:18.041+05:30  WARN 10172 --- [student-Registration] [main] .s.s.UserDetailsServiceAutoConfiguration : 

Using generated security password: 05d2e251-e8fe-45ed-9fd7-02fbad0b4c8c

This generated password is for development use only. Your security configuration must be updated before running your application in production.

2026-07-25T11:31:18.090+05:30  INFO 10172 --- [student-Registration] [main] r$InitializeUserDetailsManagerConfigurer : Global AuthenticationManager configured with UserDetailsService bean with name inMemoryUserDetailsManager
2026-07-25T11:31:19.420+05:30  INFO 10172 --- [student-Registration] [main] o.s.m.s.b.SimpleBrokerMessageHandler     : Starting...
2026-07-25T11:31:19.420+05:30  INFO 10172 --- [student-Registration] [main] o.s.m.s.b.SimpleBrokerMessageHandler     : BrokerAvailabilityEvent[available=true, SimpleBrokerMessageHandler [org.springframework.messaging.simp.broker.DefaultSubscriptionRegistry@640b5373]]
2026-07-25T11:31:19.421+05:30  INFO 10172 --- [student-Registration] [main] o.s.m.s.b.SimpleBrokerMessageHandler     : Started.
2026-07-25T11:31:19.428+05:30  INFO 10172 --- [student-Registration] [main] .s.r.StudentRegistrationApplicationTests : Started StudentRegistrationApplicationTests in 7.852 seconds (process running for 8.651)
2026-07-25T11:31:19.787+05:30  INFO 10172 --- [student-Registration] [SpringApplicationShutdownHook] o.s.m.s.b.SimpleBrokerMessageHandler     : Stopping...
2026-07-25T11:31:19.787+05:30  INFO 10172 --- [student-Registration] [SpringApplicationShutdownHook] o.s.m.s.b.SimpleBrokerMessageHandler     : BrokerAvailabilityEvent[available=false, SimpleBrokerMessageHandler [org.springframework.messaging.simp.broker.DefaultSubscriptionRegistry@640b5373]]
2026-07-25T11:31:19.788+05:30  INFO 10172 --- [student-Registration] [SpringApplicationShutdownHook] o.s.m.s.b.SimpleBrokerMessageHandler     : Stopped.
2026-07-25T11:31:19.798+05:30  INFO 10172 --- [student-Registration] [SpringApplicationShutdownHook] j.LocalContainerEntityManagerFactoryBean : Closing JPA EntityManagerFactory for persistence unit 'default'
2026-07-25T11:31:19.800+05:30  INFO 10172 --- [student-Registration] [SpringApplicationShutdownHook] com.zaxxer.hikari.HikariDataSource       : SPRMS-HikariPool - Shutdown initiated...
2026-07-25T11:31:19.806+05:30  INFO 10172 --- [student-Registration] [SpringApplicationShutdownHook] com.zaxxer.hikari.HikariDataSource       : SPRMS-HikariPool - Shutdown completed.
2026-07-25T11:31:32.976+05:30  INFO 16096 --- [student-Registration] [restartedMain] c.s.r.StudentRegistrationApplication     : Starting StudentRegistrationApplication using Java 17.0.3 with PID 16096 (D:\RCSC_SPRMS\SPRMS MAIN\SPRMS_STUDENT_REGISTRATION\target\classes started by eCMS in D:\RCSC_SPRMS\SPRMS MAIN\SPRMS_STUDENT_REGISTRATION)
2026-07-25T11:31:32.978+05:30  INFO 16096 --- [student-Registration] [restartedMain] c.s.r.StudentRegistrationApplication     : The following 1 profile is active: "prod"
2026-07-25T11:31:33.004+05:30  INFO 16096 --- [student-Registration] [restartedMain] .e.DevToolsPropertyDefaultsPostProcessor : Devtools property defaults active! Set 'spring.devtools.add-properties' to 'false' to disable
2026-07-25T11:31:33.004+05:30  INFO 16096 --- [student-Registration] [restartedMain] .e.DevToolsPropertyDefaultsPostProcessor : For additional web related logging consider setting the 'logging.level.web' property to 'DEBUG'
2026-07-25T11:31:36.978+05:30  INFO 16096 --- [student-Registration] [restartedMain] .s.d.r.c.RepositoryConfigurationDelegate : Bootstrapping Spring Data JPA repositories in DEFAULT mode.
2026-07-25T11:31:37.079+05:30  INFO 16096 --- [student-Registration] [restartedMain] .s.d.r.c.RepositoryConfigurationDelegate : Finished Spring Data repository scanning in 96 ms. Found 9 JPA repository interfaces.
2026-07-25T11:31:37.613+05:30  INFO 16096 --- [student-Registration] [restartedMain] o.s.b.w.embedded.tomcat.TomcatWebServer  : Tomcat initialized with port 8081 (http)
2026-07-25T11:31:37.620+05:30  INFO 16096 --- [student-Registration] [restartedMain] o.apache.catalina.core.StandardService   : Starting service [Tomcat]
2026-07-25T11:31:37.621+05:30  INFO 16096 --- [student-Registration] [restartedMain] o.apache.catalina.core.StandardEngine    : Starting Servlet engine: [Apache Tomcat/10.1.31]
2026-07-25T11:31:37.651+05:30  INFO 16096 --- [student-Registration] [restartedMain] o.a.c.c.C.[Tomcat].[localhost].[/]       : Initializing Spring embedded WebApplicationContext
2026-07-25T11:31:37.651+05:30  INFO 16096 --- [student-Registration] [restartedMain] w.s.c.ServletWebServerApplicationContext : Root WebApplicationContext: initialization completed in 4646 ms
2026-07-25T11:31:37.778+05:30  INFO 16096 --- [student-Registration] [restartedMain] o.hibernate.jpa.internal.util.LogHelper  : HHH000204: Processing PersistenceUnitInfo [name: default]
2026-07-25T11:31:37.804+05:30  INFO 16096 --- [student-Registration] [restartedMain] org.hibernate.Version                    : HHH000412: Hibernate ORM core version 6.5.3.Final
2026-07-25T11:31:37.822+05:30  INFO 16096 --- [student-Registration] [restartedMain] o.h.c.internal.RegionFactoryInitiator    : HHH000026: Second-level cache disabled
2026-07-25T11:31:37.965+05:30  INFO 16096 --- [student-Registration] [restartedMain] o.s.o.j.p.SpringPersistenceUnitInfo      : No LoadTimeWeaver setup: ignoring JPA class transformer
2026-07-25T11:31:37.981+05:30  INFO 16096 --- [student-Registration] [restartedMain] com.zaxxer.hikari.HikariDataSource       : SPRMS-HikariPool - Starting...
2026-07-25T11:31:38.210+05:30  INFO 16096 --- [student-Registration] [restartedMain] com.zaxxer.hikari.pool.HikariPool        : SPRMS-HikariPool - Added connection com.mysql.cj.jdbc.ConnectionImpl@53b2b916
2026-07-25T11:31:38.212+05:30  INFO 16096 --- [student-Registration] [restartedMain] com.zaxxer.hikari.HikariDataSource       : SPRMS-HikariPool - Start completed.
2026-07-25T11:31:38.882+05:30  INFO 16096 --- [student-Registration] [restartedMain] o.h.e.t.j.p.i.JtaPlatformInitiator       : HHH000489: No JTA platform available (set 'hibernate.transaction.jta.platform' to enable JTA platform integration)
2026-07-25T11:31:38.893+05:30  INFO 16096 --- [student-Registration] [restartedMain] org.hibernate.orm.connections.access     : HHH10001501: Connection obtained from JdbcConnectionAccess [org.hibernate.engine.jdbc.env.internal.JdbcEnvironmentInitiator$ConnectionProviderJdbcConnectionAccess@1ad74ed2] for (non-JTA) DDL execution was not in auto-commit mode; the Connection 'local transaction' will be committed and the Connection will be set into auto-commit mode.
2026-07-25T11:31:38.942+05:30  INFO 16096 --- [student-Registration] [restartedMain] j.LocalContainerEntityManagerFactoryBean : Initialized JPA EntityManagerFactory for persistence unit 'default'
2026-07-25T11:31:39.571+05:30  INFO 16096 --- [student-Registration] [restartedMain] c.s.r.config.Resilience4jConfig          : Retry listener registered for bcseaApi
2026-07-25T11:31:39.632+05:30  INFO 16096 --- [student-Registration] [restartedMain] o.s.d.j.r.query.QueryEnhancerFactory     : Hibernate is in classpath; If applicable, HQL parser will be used.
2026-07-25T11:31:40.056+05:30  WARN 16096 --- [student-Registration] [restartedMain] JpaBaseConfiguration$JpaWebConfiguration : spring.jpa.open-in-view is enabled by default. Therefore, database queries may be performed during view rendering. Explicitly configure spring.jpa.open-in-view to disable this warning
2026-07-25T11:31:40.152+05:30  WARN 16096 --- [student-Registration] [restartedMain] .s.s.UserDetailsServiceAutoConfiguration : 

Using generated security password: e08702dd-8284-4e76-a6b3-b6628497af00

This generated password is for development use only. Your security configuration must be updated before running your application in production.

2026-07-25T11:31:40.204+05:30  INFO 16096 --- [student-Registration] [restartedMain] r$InitializeUserDetailsManagerConfigurer : Global AuthenticationManager configured with UserDetailsService bean with name inMemoryUserDetailsManager
2026-07-25T11:31:41.883+05:30  INFO 16096 --- [student-Registration] [restartedMain] o.s.b.d.a.OptionalLiveReloadServer       : LiveReload server is running on port 35729
2026-07-25T11:31:41.952+05:30  INFO 16096 --- [student-Registration] [restartedMain] o.s.b.w.embedded.tomcat.TomcatWebServer  : Tomcat started on port 8081 (http) with context path '/'
2026-07-25T11:31:41.954+05:30  INFO 16096 --- [student-Registration] [restartedMain] o.s.m.s.b.SimpleBrokerMessageHandler     : Starting...
2026-07-25T11:31:41.955+05:30  INFO 16096 --- [student-Registration] [restartedMain] o.s.m.s.b.SimpleBrokerMessageHandler     : BrokerAvailabilityEvent[available=true, SimpleBrokerMessageHandler [org.springframework.messaging.simp.broker.DefaultSubscriptionRegistry@2ab54238]]
2026-07-25T11:31:41.955+05:30  INFO 16096 --- [student-Registration] [restartedMain] o.s.m.s.b.SimpleBrokerMessageHandler     : Started.
2026-07-25T11:31:41.965+05:30  INFO 16096 --- [student-Registration] [restartedMain] c.s.r.StudentRegistrationApplication     : Started StudentRegistrationApplication in 9.218 seconds (process running for 9.884)
2026-07-25T11:31:53.093+05:30  INFO 16096 --- [student-Registration] [http-nio-8081-exec-1] o.a.c.c.C.[Tomcat].[localhost].[/]       : Initializing Spring DispatcherServlet 'dispatcherServlet'
2026-07-25T11:31:53.093+05:30  INFO 16096 --- [student-Registration] [http-nio-8081-exec-1] o.s.web.servlet.DispatcherServlet        : Initializing Servlet 'dispatcherServlet'
2026-07-25T11:31:53.095+05:30  INFO 16096 --- [student-Registration] [http-nio-8081-exec-1] o.s.web.servlet.DispatcherServlet        : Completed initialization in 1 ms
2026-07-25T11:31:55.203+05:30  INFO 16096 --- [student-Registration] [http-nio-8081-exec-5] s.r.c.ScholarshipResgistrationController : @@@Calling the manual CID entry DCRC info  frm...................
2026-07-25T11:32:41.921+05:30  INFO 16096 --- [student-Registration] [MessageBroker-1] o.s.w.s.c.WebSocketMessageBrokerStats    : WebSocketSession[0 current WS(0)-HttpStream(0)-HttpPoll(0), 0 total, 0 closed abnormally (0 connect failure, 0 send limit, 0 transport error)], stompSubProtocol[processed CONNECT(0)-CONNECTED(0)-DISCONNECT(0)], stompBrokerRelay[null], inboundChannel[pool size = 0, active threads = 0, queued tasks = 0, completed tasks = 0], outboundChannel[pool size = 0, active threads = 0, queued tasks = 0, completed tasks = 0], sockJsScheduler[pool size = 1, active threads = 1, queued tasks = 0, completed tasks = 0]
2026-07-25T11:34:05.108+05:30  INFO 16096 --- [student-Registration] [File Watcher] rtingClassPathChangeChangedEventListener : Restarting due to 132 class path changes (0 additions, 129 deletions, 3 modifications)
2026-07-25T11:34:05.111+05:30  INFO 16096 --- [student-Registration] [Thread-5] o.s.m.s.b.SimpleBrokerMessageHandler     : Stopping...
2026-07-25T11:34:05.111+05:30  INFO 16096 --- [student-Registration] [Thread-5] o.s.m.s.b.SimpleBrokerMessageHandler     : BrokerAvailabilityEvent[available=false, SimpleBrokerMessageHandler [org.springframework.messaging.simp.broker.DefaultSubscriptionRegistry@2ab54238]]
2026-07-25T11:34:05.111+05:30  INFO 16096 --- [student-Registration] [Thread-5] o.s.m.s.b.SimpleBrokerMessageHandler     : Stopped.
2026-07-25T11:34:05.290+05:30  INFO 16096 --- [student-Registration] [Thread-5] j.LocalContainerEntityManagerFactoryBean : Closing JPA EntityManagerFactory for persistence unit 'default'
2026-07-25T11:34:05.292+05:30  INFO 16096 --- [student-Registration] [Thread-5] com.zaxxer.hikari.HikariDataSource       : SPRMS-HikariPool - Shutdown initiated...
2026-07-25T11:34:05.301+05:30  INFO 16096 --- [student-Registration] [Thread-5] com.zaxxer.hikari.HikariDataSource       : SPRMS-HikariPool - Shutdown completed.
2026-07-25T11:34:05.400+05:30  INFO 16096 --- [student-Registration] [restartedMain] c.s.r.StudentRegistrationApplication     : Starting StudentRegistrationApplication using Java 17.0.3 with PID 16096 (D:\RCSC_SPRMS\SPRMS MAIN\SPRMS_STUDENT_REGISTRATION\target\classes started by eCMS in D:\RCSC_SPRMS\SPRMS MAIN\SPRMS_STUDENT_REGISTRATION)
2026-07-25T11:34:05.401+05:30  INFO 16096 --- [student-Registration] [restartedMain] c.s.r.StudentRegistrationApplication     : The following 1 profile is active: "prod"
2026-07-25T11:34:05.527+05:30  INFO 16096 --- [student-Registration] [restartedMain] .s.d.r.c.RepositoryConfigurationDelegate : Bootstrapping Spring Data JPA repositories in DEFAULT mode.
2026-07-25T11:34:05.529+05:30  INFO 16096 --- [student-Registration] [restartedMain] .s.d.r.c.RepositoryConfigurationDelegate : Finished Spring Data repository scanning in 0 ms. Found 0 JPA repository interfaces.
2026-07-25T11:34:05.684+05:30  INFO 16096 --- [student-Registration] [restartedMain] o.s.b.w.embedded.tomcat.TomcatWebServer  : Tomcat initialized with port 8081 (http)
2026-07-25T11:34:05.685+05:30  INFO 16096 --- [student-Registration] [restartedMain] o.apache.catalina.core.StandardService   : Starting service [Tomcat]
2026-07-25T11:34:05.685+05:30  INFO 16096 --- [student-Registration] [restartedMain] o.apache.catalina.core.StandardEngine    : Starting Servlet engine: [Apache Tomcat/10.1.31]
2026-07-25T11:34:05.699+05:30  INFO 16096 --- [student-Registration] [restartedMain] o.a.c.c.C.[Tomcat].[localhost].[/]       : Initializing Spring embedded WebApplicationContext
2026-07-25T11:34:05.699+05:30  INFO 16096 --- [student-Registration] [restartedMain] w.s.c.ServletWebServerApplicationContext : Root WebApplicationContext: initialization completed in 297 ms
2026-07-25T11:34:05.793+05:30  INFO 16096 --- [student-Registration] [restartedMain] o.hibernate.jpa.internal.util.LogHelper  : HHH000204: Processing PersistenceUnitInfo [name: default]
2026-07-25T11:34:05.794+05:30  INFO 16096 --- [student-Registration] [restartedMain] o.h.c.internal.RegionFactoryInitiator    : HHH000026: Second-level cache disabled
2026-07-25T11:34:05.800+05:30  INFO 16096 --- [student-Registration] [restartedMain] o.s.o.j.p.SpringPersistenceUnitInfo      : No LoadTimeWeaver setup: ignoring JPA class transformer
2026-07-25T11:34:05.801+05:30  INFO 16096 --- [student-Registration] [restartedMain] com.zaxxer.hikari.HikariDataSource       : SPRMS-HikariPool - Starting...
2026-07-25T11:34:05.812+05:30  INFO 16096 --- [student-Registration] [restartedMain] com.zaxxer.hikari.pool.HikariPool        : SPRMS-HikariPool - Added connection com.mysql.cj.jdbc.ConnectionImpl@6dd039e8
2026-07-25T11:34:05.812+05:30  INFO 16096 --- [student-Registration] [restartedMain] com.zaxxer.hikari.HikariDataSource       : SPRMS-HikariPool - Start completed.
2026-07-25T11:34:05.825+05:30  INFO 16096 --- [student-Registration] [restartedMain] o.h.e.t.j.p.i.JtaPlatformInitiator       : HHH000489: No JTA platform available (set 'hibernate.transaction.jta.platform' to enable JTA platform integration)
2026-07-25T11:34:05.825+05:30  INFO 16096 --- [student-Registration] [restartedMain] j.LocalContainerEntityManagerFactoryBean : Initialized JPA EntityManagerFactory for persistence unit 'default'
2026-07-25T11:34:05.938+05:30  WARN 16096 --- [student-Registration] [restartedMain] JpaBaseConfiguration$JpaWebConfiguration : spring.jpa.open-in-view is enabled by default. Therefore, database queries may be performed during view rendering. Explicitly configure spring.jpa.open-in-view to disable this warning
2026-07-25T11:34:06.210+05:30  WARN 16096 --- [student-Registration] [restartedMain] ConfigServletWebServerApplicationContext : Exception encountered during context initialization - cancelling refresh attempt: org.springframework.beans.factory.UnsatisfiedDependencyException: Error creating bean with name 'retryRegistry' defined in class path resource [io/github/resilience4j/springboot3/retry/autoconfigure/RetryConfigurationOnMissingBean.class]: Unsatisfied dependency expressed through method 'retryRegistry' parameter 0: Error creating bean with name 'resilience4j.retry-io.github.resilience4j.springboot3.retry.autoconfigure.RetryProperties': Could not bind properties to 'RetryProperties' : prefix=resilience4j.retry, ignoreInvalidFields=false, ignoreUnknownFields=true
2026-07-25T11:34:06.210+05:30  INFO 16096 --- [student-Registration] [restartedMain] j.LocalContainerEntityManagerFactoryBean : Closing JPA EntityManagerFactory for persistence unit 'default'
2026-07-25T11:34:06.211+05:30  INFO 16096 --- [student-Registration] [restartedMain] com.zaxxer.hikari.HikariDataSource       : SPRMS-HikariPool - Shutdown initiated...
2026-07-25T11:34:06.215+05:30  INFO 16096 --- [student-Registration] [restartedMain] com.zaxxer.hikari.HikariDataSource       : SPRMS-HikariPool - Shutdown completed.
2026-07-25T11:34:06.216+05:30  INFO 16096 --- [student-Registration] [restartedMain] o.apache.catalina.core.StandardService   : Stopping service [Tomcat]
2026-07-25T11:34:06.221+05:30  INFO 16096 --- [student-Registration] [restartedMain] .s.b.a.l.ConditionEvaluationReportLogger : 

Error starting ApplicationContext. To display the condition evaluation report re-run your application with 'debug' enabled.
2026-07-25T11:34:06.235+05:30 ERROR 16096 --- [student-Registration] [restartedMain] o.s.b.d.LoggingFailureAnalysisReporter   : 

***************************
APPLICATION FAILED TO START
***************************

Description:

Failed to bind properties under 'resilience4j.retry.instances.bcseaapi.ignore-exceptions' to java.lang.Class<java.lang.Throwable>[]:

    Property: resilience4j.retry.instances.bcseaapi.ignore-exceptions
    Value: "com.sprms.registration.exception.BcseaNoDataException,java.lang.IllegalArgumentException"
    Origin: class path resource [application-prod.properties] - 155:1
    Reason: failed to convert java.lang.String to java.lang.Class<java.lang.Throwable> (caused by java.lang.ClassNotFoundException: com.sprms.registration.exception.BcseaNoDataException)

Action:

Update your application's configuration

2026-07-25T11:34:09.117+05:30  INFO 16096 --- [student-Registration] [restartedMain] c.s.r.StudentRegistrationApplication     : Starting StudentRegistrationApplication using Java 17.0.3 with PID 16096 (D:\RCSC_SPRMS\SPRMS MAIN\SPRMS_STUDENT_REGISTRATION\target\classes started by eCMS in D:\RCSC_SPRMS\SPRMS MAIN\SPRMS_STUDENT_REGISTRATION)
2026-07-25T11:34:09.118+05:30  INFO 16096 --- [student-Registration] [restartedMain] c.s.r.StudentRegistrationApplication     : The following 1 profile is active: "prod"
2026-07-25T11:34:09.876+05:30  INFO 16096 --- [student-Registration] [restartedMain] .s.d.r.c.RepositoryConfigurationDelegate : Bootstrapping Spring Data JPA repositories in DEFAULT mode.
2026-07-25T11:34:09.897+05:30  INFO 16096 --- [student-Registration] [restartedMain] .s.d.r.c.RepositoryConfigurationDelegate : Finished Spring Data repository scanning in 17 ms. Found 9 JPA repository interfaces.
2026-07-25T11:34:10.036+05:30  INFO 16096 --- [student-Registration] [restartedMain] o.s.b.w.embedded.tomcat.TomcatWebServer  : Tomcat initialized with port 8081 (http)
2026-07-25T11:34:10.037+05:30  INFO 16096 --- [student-Registration] [restartedMain] o.apache.catalina.core.StandardService   : Starting service [Tomcat]
2026-07-25T11:34:10.037+05:30  INFO 16096 --- [student-Registration] [restartedMain] o.apache.catalina.core.StandardEngine    : Starting Servlet engine: [Apache Tomcat/10.1.31]
2026-07-25T11:34:10.050+05:30  INFO 16096 --- [student-Registration] [restartedMain] o.a.c.c.C.[Tomcat-1].[localhost].[/]     : Initializing Spring embedded WebApplicationContext
2026-07-25T11:34:10.050+05:30  INFO 16096 --- [student-Registration] [restartedMain] w.s.c.ServletWebServerApplicationContext : Root WebApplicationContext: initialization completed in 931 ms
2026-07-25T11:34:10.123+05:30  INFO 16096 --- [student-Registration] [restartedMain] o.hibernate.jpa.internal.util.LogHelper  : HHH000204: Processing PersistenceUnitInfo [name: default]
2026-07-25T11:34:10.125+05:30  INFO 16096 --- [student-Registration] [restartedMain] o.h.c.internal.RegionFactoryInitiator    : HHH000026: Second-level cache disabled
2026-07-25T11:34:10.129+05:30  INFO 16096 --- [student-Registration] [restartedMain] o.s.o.j.p.SpringPersistenceUnitInfo      : No LoadTimeWeaver setup: ignoring JPA class transformer
2026-07-25T11:34:10.129+05:30  INFO 16096 --- [student-Registration] [restartedMain] com.zaxxer.hikari.HikariDataSource       : SPRMS-HikariPool - Starting...
2026-07-25T11:34:10.140+05:30  INFO 16096 --- [student-Registration] [restartedMain] com.zaxxer.hikari.pool.HikariPool        : SPRMS-HikariPool - Added connection com.mysql.cj.jdbc.ConnectionImpl@17137d5b
2026-07-25T11:34:10.140+05:30  INFO 16096 --- [student-Registration] [restartedMain] com.zaxxer.hikari.HikariDataSource       : SPRMS-HikariPool - Start completed.
2026-07-25T11:34:10.208+05:30  INFO 13568 --- [student-Registration] [main] .s.r.StudentRegistrationApplicationTests : Starting StudentRegistrationApplicationTests using Java 17 with PID 13568 (started by eCMS in D:\RCSC_SPRMS\SPRMS MAIN\SPRMS_STUDENT_REGISTRATION)
2026-07-25T11:34:10.210+05:30  INFO 13568 --- [student-Registration] [main] .s.r.StudentRegistrationApplicationTests : The following 1 profile is active: "prod"
2026-07-25T11:34:10.236+05:30  INFO 16096 --- [student-Registration] [restartedMain] o.h.e.t.j.p.i.JtaPlatformInitiator       : HHH000489: No JTA platform available (set 'hibernate.transaction.jta.platform' to enable JTA platform integration)
2026-07-25T11:34:10.237+05:30  INFO 16096 --- [student-Registration] [restartedMain] org.hibernate.orm.connections.access     : HHH10001501: Connection obtained from JdbcConnectionAccess [org.hibernate.engine.jdbc.env.internal.JdbcEnvironmentInitiator$ConnectionProviderJdbcConnectionAccess@75ef06aa] for (non-JTA) DDL execution was not in auto-commit mode; the Connection 'local transaction' will be committed and the Connection will be set into auto-commit mode.
2026-07-25T11:34:10.272+05:30  INFO 16096 --- [student-Registration] [restartedMain] j.LocalContainerEntityManagerFactoryBean : Initialized JPA EntityManagerFactory for persistence unit 'default'
2026-07-25T11:34:10.650+05:30  INFO 16096 --- [student-Registration] [restartedMain] c.s.r.config.Resilience4jConfig          : Retry listener registered for bcseaApi
2026-07-25T11:34:10.763+05:30  WARN 16096 --- [student-Registration] [restartedMain] JpaBaseConfiguration$JpaWebConfiguration : spring.jpa.open-in-view is enabled by default. Therefore, database queries may be performed during view rendering. Explicitly configure spring.jpa.open-in-view to disable this warning
2026-07-25T11:34:10.795+05:30  WARN 16096 --- [student-Registration] [restartedMain] .s.s.UserDetailsServiceAutoConfiguration : 

Using generated security password: 0063319c-804d-4b51-b0d7-e2150b19e505

This generated password is for development use only. Your security configuration must be updated before running your application in production.

2026-07-25T11:34:10.798+05:30  INFO 16096 --- [student-Registration] [restartedMain] r$InitializeUserDetailsManagerConfigurer : Global AuthenticationManager configured with UserDetailsService bean with name inMemoryUserDetailsManager
2026-07-25T11:34:10.980+05:30  INFO 13568 --- [student-Registration] [main] .s.d.r.c.RepositoryConfigurationDelegate : Bootstrapping Spring Data JPA repositories in DEFAULT mode.
2026-07-25T11:34:11.100+05:30  INFO 13568 --- [student-Registration] [main] .s.d.r.c.RepositoryConfigurationDelegate : Finished Spring Data repository scanning in 112 ms. Found 9 JPA repository interfaces.
2026-07-25T11:34:11.265+05:30  INFO 16096 --- [student-Registration] [restartedMain] o.s.b.d.a.OptionalLiveReloadServer       : LiveReload server is running on port 35729
2026-07-25T11:34:11.277+05:30  INFO 16096 --- [student-Registration] [restartedMain] o.s.b.w.embedded.tomcat.TomcatWebServer  : Tomcat started on port 8081 (http) with context path '/'
2026-07-25T11:34:11.277+05:30  INFO 16096 --- [student-Registration] [restartedMain] o.s.m.s.b.SimpleBrokerMessageHandler     : Starting...
2026-07-25T11:34:11.277+05:30  INFO 16096 --- [student-Registration] [restartedMain] o.s.m.s.b.SimpleBrokerMessageHandler     : BrokerAvailabilityEvent[available=true, SimpleBrokerMessageHandler [org.springframework.messaging.simp.broker.DefaultSubscriptionRegistry@6ecb9a17]]
2026-07-25T11:34:11.277+05:30  INFO 16096 --- [student-Registration] [restartedMain] o.s.m.s.b.SimpleBrokerMessageHandler     : Started.
2026-07-25T11:34:11.281+05:30  INFO 16096 --- [student-Registration] [restartedMain] c.s.r.StudentRegistrationApplication     : Started StudentRegistrationApplication in 2.179 seconds (process running for 159.2)
2026-07-25T11:34:11.283+05:30  INFO 16096 --- [student-Registration] [restartedMain] .ConditionEvaluationDeltaLoggingListener : Condition evaluation unchanged
2026-07-25T11:34:12.047+05:30  INFO 13568 --- [student-Registration] [main] o.hibernate.jpa.internal.util.LogHelper  : HHH000204: Processing PersistenceUnitInfo [name: default]
2026-07-25T11:34:12.103+05:30  INFO 13568 --- [student-Registration] [main] org.hibernate.Version                    : HHH000412: Hibernate ORM core version 6.5.3.Final
2026-07-25T11:34:12.130+05:30  INFO 13568 --- [student-Registration] [main] o.h.c.internal.RegionFactoryInitiator    : HHH000026: Second-level cache disabled
2026-07-25T11:34:12.371+05:30  INFO 13568 --- [student-Registration] [main] o.s.o.j.p.SpringPersistenceUnitInfo      : No LoadTimeWeaver setup: ignoring JPA class transformer
2026-07-25T11:34:12.394+05:30  INFO 13568 --- [student-Registration] [main] com.zaxxer.hikari.HikariDataSource       : SPRMS-HikariPool - Starting...
2026-07-25T11:34:12.593+05:30  INFO 13568 --- [student-Registration] [main] com.zaxxer.hikari.pool.HikariPool        : SPRMS-HikariPool - Added connection com.mysql.cj.jdbc.ConnectionImpl@6247c08c
2026-07-25T11:34:12.594+05:30  INFO 13568 --- [student-Registration] [main] com.zaxxer.hikari.HikariDataSource       : SPRMS-HikariPool - Start completed.
2026-07-25T11:34:13.349+05:30  INFO 13568 --- [student-Registration] [main] o.h.e.t.j.p.i.JtaPlatformInitiator       : HHH000489: No JTA platform available (set 'hibernate.transaction.jta.platform' to enable JTA platform integration)
2026-07-25T11:34:13.360+05:30  INFO 13568 --- [student-Registration] [main] org.hibernate.orm.connections.access     : HHH10001501: Connection obtained from JdbcConnectionAccess [org.hibernate.engine.jdbc.env.internal.JdbcEnvironmentInitiator$ConnectionProviderJdbcConnectionAccess@7927209f] for (non-JTA) DDL execution was not in auto-commit mode; the Connection 'local transaction' will be committed and the Connection will be set into auto-commit mode.
2026-07-25T11:34:13.410+05:30  INFO 13568 --- [student-Registration] [main] j.LocalContainerEntityManagerFactoryBean : Initialized JPA EntityManagerFactory for persistence unit 'default'
2026-07-25T11:34:14.798+05:30  INFO 13568 --- [student-Registration] [main] c.s.r.config.Resilience4jConfig          : Retry listener registered for bcseaApi
2026-07-25T11:34:14.916+05:30  INFO 13568 --- [student-Registration] [main] o.s.d.j.r.query.QueryEnhancerFactory     : Hibernate is in classpath; If applicable, HQL parser will be used.
2026-07-25T11:34:15.308+05:30  WARN 13568 --- [student-Registration] [main] JpaBaseConfiguration$JpaWebConfiguration : spring.jpa.open-in-view is enabled by default. Therefore, database queries may be performed during view rendering. Explicitly configure spring.jpa.open-in-view to disable this warning
2026-07-25T11:34:15.383+05:30  WARN 13568 --- [student-Registration] [main] .s.s.UserDetailsServiceAutoConfiguration : 

Using generated security password: 6238627e-7f20-485e-a1a2-2ba2fbcfcadc

This generated password is for development use only. Your security configuration must be updated before running your application in production.

2026-07-25T11:34:15.423+05:30  INFO 13568 --- [student-Registration] [main] r$InitializeUserDetailsManagerConfigurer : Global AuthenticationManager configured with UserDetailsService bean with name inMemoryUserDetailsManager
2026-07-25T11:34:16.396+05:30  INFO 13568 --- [student-Registration] [main] o.s.m.s.b.SimpleBrokerMessageHandler     : Starting...
2026-07-25T11:34:16.397+05:30  INFO 13568 --- [student-Registration] [main] o.s.m.s.b.SimpleBrokerMessageHandler     : BrokerAvailabilityEvent[available=true, SimpleBrokerMessageHandler [org.springframework.messaging.simp.broker.DefaultSubscriptionRegistry@76ec6ae0]]
2026-07-25T11:34:16.397+05:30  INFO 13568 --- [student-Registration] [main] o.s.m.s.b.SimpleBrokerMessageHandler     : Started.
2026-07-25T11:34:16.406+05:30  INFO 13568 --- [student-Registration] [main] .s.r.StudentRegistrationApplicationTests : Started StudentRegistrationApplicationTests in 6.414 seconds (process running for 7.067)
2026-07-25T11:34:16.706+05:30  INFO 13568 --- [student-Registration] [SpringApplicationShutdownHook] o.s.m.s.b.SimpleBrokerMessageHandler     : Stopping...
2026-07-25T11:34:16.706+05:30  INFO 13568 --- [student-Registration] [SpringApplicationShutdownHook] o.s.m.s.b.SimpleBrokerMessageHandler     : BrokerAvailabilityEvent[available=false, SimpleBrokerMessageHandler [org.springframework.messaging.simp.broker.DefaultSubscriptionRegistry@76ec6ae0]]
2026-07-25T11:34:16.706+05:30  INFO 13568 --- [student-Registration] [SpringApplicationShutdownHook] o.s.m.s.b.SimpleBrokerMessageHandler     : Stopped.
2026-07-25T11:34:16.712+05:30  INFO 13568 --- [student-Registration] [SpringApplicationShutdownHook] j.LocalContainerEntityManagerFactoryBean : Closing JPA EntityManagerFactory for persistence unit 'default'
2026-07-25T11:34:16.714+05:30  INFO 13568 --- [student-Registration] [SpringApplicationShutdownHook] com.zaxxer.hikari.HikariDataSource       : SPRMS-HikariPool - Shutdown initiated...
2026-07-25T11:34:16.719+05:30  INFO 13568 --- [student-Registration] [SpringApplicationShutdownHook] com.zaxxer.hikari.HikariDataSource       : SPRMS-HikariPool - Shutdown completed.
2026-07-25T11:34:24.510+05:30  INFO 16096 --- [student-Registration] [http-nio-8081-exec-1] o.a.c.c.C.[Tomcat-1].[localhost].[/]     : Initializing Spring DispatcherServlet 'dispatcherServlet'
2026-07-25T11:34:24.510+05:30  INFO 16096 --- [student-Registration] [http-nio-8081-exec-1] o.s.web.servlet.DispatcherServlet        : Initializing Servlet 'dispatcherServlet'
2026-07-25T11:34:24.512+05:30  INFO 16096 --- [student-Registration] [http-nio-8081-exec-1] o.s.web.servlet.DispatcherServlet        : Completed initialization in 2 ms
2026-07-25T11:34:24.516+05:30  INFO 16096 --- [student-Registration] [http-nio-8081-exec-1] s.r.c.ScholarshipResgistrationController : @@@Calling the manual CID entry DCRC info  frm...................
2026-07-25T11:34:25.685+05:30  INFO 16096 --- [student-Registration] [http-nio-8081-exec-1] s.r.c.ScholarshipResgistrationController : @@@Calling the manual CID entry DCRC info  frm...................
2026-07-25T11:35:11.282+05:30  INFO 16096 --- [student-Registration] [MessageBroker-1] o.s.w.s.c.WebSocketMessageBrokerStats    : WebSocketSession[0 current WS(0)-HttpStream(0)-HttpPoll(0), 0 total, 0 closed abnormally (0 connect failure, 0 send limit, 0 transport error)], stompSubProtocol[processed CONNECT(0)-CONNECTED(0)-DISCONNECT(0)], stompBrokerRelay[null], inboundChannel[pool size = 0, active threads = 0, queued tasks = 0, completed tasks = 0], outboundChannel[pool size = 0, active threads = 0, queued tasks = 0, completed tasks = 0], sockJsScheduler[pool size = 1, active threads = 1, queued tasks = 0, completed tasks = 0]
2026-07-25T11:35:33.459+05:30  INFO 16096 --- [student-Registration] [File Watcher] rtingClassPathChangeChangedEventListener : Restarting due to 132 class path changes (0 additions, 129 deletions, 3 modifications)
2026-07-25T11:35:33.460+05:30  INFO 16096 --- [student-Registration] [Thread-7] o.s.m.s.b.SimpleBrokerMessageHandler     : Stopping...
2026-07-25T11:35:33.460+05:30  INFO 16096 --- [student-Registration] [Thread-7] o.s.m.s.b.SimpleBrokerMessageHandler     : BrokerAvailabilityEvent[available=false, SimpleBrokerMessageHandler [org.springframework.messaging.simp.broker.DefaultSubscriptionRegistry@6ecb9a17]]
2026-07-25T11:35:33.460+05:30  INFO 16096 --- [student-Registration] [Thread-7] o.s.m.s.b.SimpleBrokerMessageHandler     : Stopped.
2026-07-25T11:35:33.647+05:30  INFO 16096 --- [student-Registration] [Thread-7] j.LocalContainerEntityManagerFactoryBean : Closing JPA EntityManagerFactory for persistence unit 'default'
2026-07-25T11:35:33.647+05:30  INFO 16096 --- [student-Registration] [Thread-7] com.zaxxer.hikari.HikariDataSource       : SPRMS-HikariPool - Shutdown initiated...
2026-07-25T11:35:33.654+05:30  INFO 16096 --- [student-Registration] [Thread-7] com.zaxxer.hikari.HikariDataSource       : SPRMS-HikariPool - Shutdown completed.
2026-07-25T11:35:33.741+05:30  INFO 16096 --- [student-Registration] [restartedMain] c.s.r.StudentRegistrationApplication     : Starting StudentRegistrationApplication using Java 17.0.3 with PID 16096 (D:\RCSC_SPRMS\SPRMS MAIN\SPRMS_STUDENT_REGISTRATION\target\classes started by eCMS in D:\RCSC_SPRMS\SPRMS MAIN\SPRMS_STUDENT_REGISTRATION)
2026-07-25T11:35:33.742+05:30  INFO 16096 --- [student-Registration] [restartedMain] c.s.r.StudentRegistrationApplication     : The following 1 profile is active: "prod"
2026-07-25T11:35:33.850+05:30  INFO 16096 --- [student-Registration] [restartedMain] .s.d.r.c.RepositoryConfigurationDelegate : Bootstrapping Spring Data JPA repositories in DEFAULT mode.
2026-07-25T11:35:33.851+05:30  INFO 16096 --- [student-Registration] [restartedMain] .s.d.r.c.RepositoryConfigurationDelegate : Finished Spring Data repository scanning in 0 ms. Found 0 JPA repository interfaces.
2026-07-25T11:35:33.986+05:30  INFO 16096 --- [student-Registration] [restartedMain] o.s.b.w.embedded.tomcat.TomcatWebServer  : Tomcat initialized with port 8081 (http)
2026-07-25T11:35:33.987+05:30  INFO 16096 --- [student-Registration] [restartedMain] o.apache.catalina.core.StandardService   : Starting service [Tomcat]
2026-07-25T11:35:33.987+05:30  INFO 16096 --- [student-Registration] [restartedMain] o.apache.catalina.core.StandardEngine    : Starting Servlet engine: [Apache Tomcat/10.1.31]
2026-07-25T11:35:34.002+05:30  INFO 16096 --- [student-Registration] [restartedMain] o.a.c.c.C.[Tomcat-1].[localhost].[/]     : Initializing Spring embedded WebApplicationContext
2026-07-25T11:35:34.003+05:30  INFO 16096 --- [student-Registration] [restartedMain] w.s.c.ServletWebServerApplicationContext : Root WebApplicationContext: initialization completed in 260 ms
2026-07-25T11:35:34.107+05:30  INFO 16096 --- [student-Registration] [restartedMain] o.hibernate.jpa.internal.util.LogHelper  : HHH000204: Processing PersistenceUnitInfo [name: default]
2026-07-25T11:35:34.109+05:30  INFO 16096 --- [student-Registration] [restartedMain] o.h.c.internal.RegionFactoryInitiator    : HHH000026: Second-level cache disabled
2026-07-25T11:35:34.113+05:30  INFO 16096 --- [student-Registration] [restartedMain] o.s.o.j.p.SpringPersistenceUnitInfo      : No LoadTimeWeaver setup: ignoring JPA class transformer
2026-07-25T11:35:34.113+05:30  INFO 16096 --- [student-Registration] [restartedMain] com.zaxxer.hikari.HikariDataSource       : SPRMS-HikariPool - Starting...
2026-07-25T11:35:34.125+05:30  INFO 16096 --- [student-Registration] [restartedMain] com.zaxxer.hikari.pool.HikariPool        : SPRMS-HikariPool - Added connection com.mysql.cj.jdbc.ConnectionImpl@201de13a
2026-07-25T11:35:34.125+05:30  INFO 16096 --- [student-Registration] [restartedMain] com.zaxxer.hikari.HikariDataSource       : SPRMS-HikariPool - Start completed.
2026-07-25T11:35:34.136+05:30  INFO 16096 --- [student-Registration] [restartedMain] o.h.e.t.j.p.i.JtaPlatformInitiator       : HHH000489: No JTA platform available (set 'hibernate.transaction.jta.platform' to enable JTA platform integration)
2026-07-25T11:35:34.137+05:30  INFO 16096 --- [student-Registration] [restartedMain] j.LocalContainerEntityManagerFactoryBean : Initialized JPA EntityManagerFactory for persistence unit 'default'
2026-07-25T11:35:34.251+05:30  WARN 16096 --- [student-Registration] [restartedMain] JpaBaseConfiguration$JpaWebConfiguration : spring.jpa.open-in-view is enabled by default. Therefore, database queries may be performed during view rendering. Explicitly configure spring.jpa.open-in-view to disable this warning
2026-07-25T11:35:34.511+05:30  WARN 16096 --- [student-Registration] [restartedMain] ConfigServletWebServerApplicationContext : Exception encountered during context initialization - cancelling refresh attempt: org.springframework.beans.factory.UnsatisfiedDependencyException: Error creating bean with name 'retryRegistry' defined in class path resource [io/github/resilience4j/springboot3/retry/autoconfigure/RetryConfigurationOnMissingBean.class]: Unsatisfied dependency expressed through method 'retryRegistry' parameter 0: Error creating bean with name 'resilience4j.retry-io.github.resilience4j.springboot3.retry.autoconfigure.RetryProperties': Could not bind properties to 'RetryProperties' : prefix=resilience4j.retry, ignoreInvalidFields=false, ignoreUnknownFields=true
2026-07-25T11:35:34.511+05:30  INFO 16096 --- [student-Registration] [restartedMain] j.LocalContainerEntityManagerFactoryBean : Closing JPA EntityManagerFactory for persistence unit 'default'
2026-07-25T11:35:34.511+05:30  INFO 16096 --- [student-Registration] [restartedMain] com.zaxxer.hikari.HikariDataSource       : SPRMS-HikariPool - Shutdown initiated...
2026-07-25T11:35:34.515+05:30  INFO 16096 --- [student-Registration] [restartedMain] com.zaxxer.hikari.HikariDataSource       : SPRMS-HikariPool - Shutdown completed.
2026-07-25T11:35:34.515+05:30  INFO 16096 --- [student-Registration] [restartedMain] o.apache.catalina.core.StandardService   : Stopping service [Tomcat]
2026-07-25T11:35:34.519+05:30  INFO 16096 --- [student-Registration] [restartedMain] .s.b.a.l.ConditionEvaluationReportLogger : 

Error starting ApplicationContext. To display the condition evaluation report re-run your application with 'debug' enabled.
2026-07-25T11:35:34.520+05:30 ERROR 16096 --- [student-Registration] [restartedMain] o.s.b.d.LoggingFailureAnalysisReporter   : 

***************************
APPLICATION FAILED TO START
***************************

Description:

Failed to bind properties under 'resilience4j.retry.instances.bcseaapi.ignore-exceptions' to java.lang.Class<java.lang.Throwable>[]:

    Property: resilience4j.retry.instances.bcseaapi.ignore-exceptions
    Value: "com.sprms.registration.exception.BcseaNoDataException,java.lang.IllegalArgumentException"
    Origin: class path resource [application-prod.properties] - 155:1
    Reason: failed to convert java.lang.String to java.lang.Class<java.lang.Throwable> (caused by java.lang.ClassNotFoundException: com.sprms.registration.exception.BcseaNoDataException)

Action:

Update your application's configuration

2026-07-25T11:35:36.806+05:30  INFO 16096 --- [student-Registration] [restartedMain] c.s.r.StudentRegistrationApplication     : Starting StudentRegistrationApplication using Java 17.0.3 with PID 16096 (D:\RCSC_SPRMS\SPRMS MAIN\SPRMS_STUDENT_REGISTRATION\target\classes started by eCMS in D:\RCSC_SPRMS\SPRMS MAIN\SPRMS_STUDENT_REGISTRATION)
2026-07-25T11:35:36.806+05:30  INFO 16096 --- [student-Registration] [restartedMain] c.s.r.StudentRegistrationApplication     : The following 1 profile is active: "prod"
2026-07-25T11:35:37.487+05:30  INFO 16096 --- [student-Registration] [restartedMain] .s.d.r.c.RepositoryConfigurationDelegate : Bootstrapping Spring Data JPA repositories in DEFAULT mode.
2026-07-25T11:35:37.503+05:30  INFO 16096 --- [student-Registration] [restartedMain] .s.d.r.c.RepositoryConfigurationDelegate : Finished Spring Data repository scanning in 15 ms. Found 9 JPA repository interfaces.
2026-07-25T11:35:37.637+05:30  INFO 16096 --- [student-Registration] [restartedMain] o.s.b.w.embedded.tomcat.TomcatWebServer  : Tomcat initialized with port 8081 (http)
2026-07-25T11:35:37.639+05:30  INFO 16096 --- [student-Registration] [restartedMain] o.apache.catalina.core.StandardService   : Starting service [Tomcat]
2026-07-25T11:35:37.639+05:30  INFO 16096 --- [student-Registration] [restartedMain] o.apache.catalina.core.StandardEngine    : Starting Servlet engine: [Apache Tomcat/10.1.31]
2026-07-25T11:35:37.651+05:30  INFO 16096 --- [student-Registration] [restartedMain] o.a.c.c.C.[Tomcat-2].[localhost].[/]     : Initializing Spring embedded WebApplicationContext
2026-07-25T11:35:37.651+05:30  INFO 16096 --- [student-Registration] [restartedMain] w.s.c.ServletWebServerApplicationContext : Root WebApplicationContext: initialization completed in 844 ms
2026-07-25T11:35:37.727+05:30  INFO 16096 --- [student-Registration] [restartedMain] o.hibernate.jpa.internal.util.LogHelper  : HHH000204: Processing PersistenceUnitInfo [name: default]
2026-07-25T11:35:37.729+05:30  INFO 16096 --- [student-Registration] [restartedMain] o.h.c.internal.RegionFactoryInitiator    : HHH000026: Second-level cache disabled
2026-07-25T11:35:37.733+05:30  INFO 16096 --- [student-Registration] [restartedMain] o.s.o.j.p.SpringPersistenceUnitInfo      : No LoadTimeWeaver setup: ignoring JPA class transformer
2026-07-25T11:35:37.733+05:30  INFO 16096 --- [student-Registration] [restartedMain] com.zaxxer.hikari.HikariDataSource       : SPRMS-HikariPool - Starting...
2026-07-25T11:35:37.742+05:30  INFO 16096 --- [student-Registration] [restartedMain] com.zaxxer.hikari.pool.HikariPool        : SPRMS-HikariPool - Added connection com.mysql.cj.jdbc.ConnectionImpl@d50d3ee
2026-07-25T11:35:37.742+05:30  INFO 16096 --- [student-Registration] [restartedMain] com.zaxxer.hikari.HikariDataSource       : SPRMS-HikariPool - Start completed.
2026-07-25T11:35:37.819+05:30  INFO 16096 --- [student-Registration] [restartedMain] o.h.e.t.j.p.i.JtaPlatformInitiator       : HHH000489: No JTA platform available (set 'hibernate.transaction.jta.platform' to enable JTA platform integration)
2026-07-25T11:35:37.819+05:30  INFO 16096 --- [student-Registration] [restartedMain] org.hibernate.orm.connections.access     : HHH10001501: Connection obtained from JdbcConnectionAccess [org.hibernate.engine.jdbc.env.internal.JdbcEnvironmentInitiator$ConnectionProviderJdbcConnectionAccess@214441fd] for (non-JTA) DDL execution was not in auto-commit mode; the Connection 'local transaction' will be committed and the Connection will be set into auto-commit mode.
2026-07-25T11:35:37.854+05:30  INFO 16096 --- [student-Registration] [restartedMain] j.LocalContainerEntityManagerFactoryBean : Initialized JPA EntityManagerFactory for persistence unit 'default'
2026-07-25T11:35:37.930+05:30  INFO 12100 --- [student-Registration] [main] .s.r.StudentRegistrationApplicationTests : Starting StudentRegistrationApplicationTests using Java 17 with PID 12100 (started by eCMS in D:\RCSC_SPRMS\SPRMS MAIN\SPRMS_STUDENT_REGISTRATION)
2026-07-25T11:35:37.931+05:30  INFO 12100 --- [student-Registration] [main] .s.r.StudentRegistrationApplicationTests : The following 1 profile is active: "prod"
2026-07-25T11:35:38.180+05:30  INFO 16096 --- [student-Registration] [restartedMain] c.s.r.config.Resilience4jConfig          : Retry listener registered for bcseaApi
2026-07-25T11:35:38.307+05:30  WARN 16096 --- [student-Registration] [restartedMain] JpaBaseConfiguration$JpaWebConfiguration : spring.jpa.open-in-view is enabled by default. Therefore, database queries may be performed during view rendering. Explicitly configure spring.jpa.open-in-view to disable this warning
2026-07-25T11:35:38.343+05:30  WARN 16096 --- [student-Registration] [restartedMain] .s.s.UserDetailsServiceAutoConfiguration : 

Using generated security password: 1d5d4d9d-0bcc-41a4-8a15-6cc730812edd

This generated password is for development use only. Your security configuration must be updated before running your application in production.

2026-07-25T11:35:38.346+05:30  INFO 16096 --- [student-Registration] [restartedMain] r$InitializeUserDetailsManagerConfigurer : Global AuthenticationManager configured with UserDetailsService bean with name inMemoryUserDetailsManager
2026-07-25T11:35:38.681+05:30  INFO 12100 --- [student-Registration] [main] .s.d.r.c.RepositoryConfigurationDelegate : Bootstrapping Spring Data JPA repositories in DEFAULT mode.
2026-07-25T11:35:38.794+05:30  INFO 12100 --- [student-Registration] [main] .s.d.r.c.RepositoryConfigurationDelegate : Finished Spring Data repository scanning in 105 ms. Found 9 JPA repository interfaces.
2026-07-25T11:35:38.815+05:30  INFO 16096 --- [student-Registration] [restartedMain] o.s.b.d.a.OptionalLiveReloadServer       : LiveReload server is running on port 35729
2026-07-25T11:35:38.827+05:30  INFO 16096 --- [student-Registration] [restartedMain] o.s.b.w.embedded.tomcat.TomcatWebServer  : Tomcat started on port 8081 (http) with context path '/'
2026-07-25T11:35:38.827+05:30  INFO 16096 --- [student-Registration] [restartedMain] o.s.m.s.b.SimpleBrokerMessageHandler     : Starting...
2026-07-25T11:35:38.827+05:30  INFO 16096 --- [student-Registration] [restartedMain] o.s.m.s.b.SimpleBrokerMessageHandler     : BrokerAvailabilityEvent[available=true, SimpleBrokerMessageHandler [org.springframework.messaging.simp.broker.DefaultSubscriptionRegistry@7d8b28b2]]
2026-07-25T11:35:38.827+05:30  INFO 16096 --- [student-Registration] [restartedMain] o.s.m.s.b.SimpleBrokerMessageHandler     : Started.
2026-07-25T11:35:38.831+05:30  INFO 16096 --- [student-Registration] [restartedMain] c.s.r.StudentRegistrationApplication     : Started StudentRegistrationApplication in 2.04 seconds (process running for 246.749)
2026-07-25T11:35:38.832+05:30  INFO 16096 --- [student-Registration] [restartedMain] .ConditionEvaluationDeltaLoggingListener : Condition evaluation unchanged
2026-07-25T11:35:39.689+05:30  INFO 12100 --- [student-Registration] [main] o.hibernate.jpa.internal.util.LogHelper  : HHH000204: Processing PersistenceUnitInfo [name: default]
2026-07-25T11:35:39.754+05:30  INFO 12100 --- [student-Registration] [main] org.hibernate.Version                    : HHH000412: Hibernate ORM core version 6.5.3.Final
2026-07-25T11:35:39.781+05:30  INFO 12100 --- [student-Registration] [main] o.h.c.internal.RegionFactoryInitiator    : HHH000026: Second-level cache disabled
2026-07-25T11:35:40.000+05:30  INFO 12100 --- [student-Registration] [main] o.s.o.j.p.SpringPersistenceUnitInfo      : No LoadTimeWeaver setup: ignoring JPA class transformer
2026-07-25T11:35:40.023+05:30  INFO 12100 --- [student-Registration] [main] com.zaxxer.hikari.HikariDataSource       : SPRMS-HikariPool - Starting...
2026-07-25T11:35:40.219+05:30  INFO 12100 --- [student-Registration] [main] com.zaxxer.hikari.pool.HikariPool        : SPRMS-HikariPool - Added connection com.mysql.cj.jdbc.ConnectionImpl@129c760d
2026-07-25T11:35:40.221+05:30  INFO 12100 --- [student-Registration] [main] com.zaxxer.hikari.HikariDataSource       : SPRMS-HikariPool - Start completed.
2026-07-25T11:35:41.003+05:30  INFO 12100 --- [student-Registration] [main] o.h.e.t.j.p.i.JtaPlatformInitiator       : HHH000489: No JTA platform available (set 'hibernate.transaction.jta.platform' to enable JTA platform integration)
2026-07-25T11:35:41.013+05:30  INFO 12100 --- [student-Registration] [main] org.hibernate.orm.connections.access     : HHH10001501: Connection obtained from JdbcConnectionAccess [org.hibernate.engine.jdbc.env.internal.JdbcEnvironmentInitiator$ConnectionProviderJdbcConnectionAccess@1c0ec502] for (non-JTA) DDL execution was not in auto-commit mode; the Connection 'local transaction' will be committed and the Connection will be set into auto-commit mode.
2026-07-25T11:35:41.067+05:30  INFO 12100 --- [student-Registration] [main] j.LocalContainerEntityManagerFactoryBean : Initialized JPA EntityManagerFactory for persistence unit 'default'
2026-07-25T11:35:42.456+05:30  INFO 12100 --- [student-Registration] [main] c.s.r.config.Resilience4jConfig          : Retry listener registered for bcseaApi
2026-07-25T11:35:42.594+05:30  INFO 12100 --- [student-Registration] [main] o.s.d.j.r.query.QueryEnhancerFactory     : Hibernate is in classpath; If applicable, HQL parser will be used.
2026-07-25T11:35:42.996+05:30  WARN 12100 --- [student-Registration] [main] JpaBaseConfiguration$JpaWebConfiguration : spring.jpa.open-in-view is enabled by default. Therefore, database queries may be performed during view rendering. Explicitly configure spring.jpa.open-in-view to disable this warning
2026-07-25T11:35:43.066+05:30  WARN 12100 --- [student-Registration] [main] .s.s.UserDetailsServiceAutoConfiguration : 

Using generated security password: ea1df877-4201-4b91-b8df-8679a6c65c06

This generated password is for development use only. Your security configuration must be updated before running your application in production.

2026-07-25T11:35:43.106+05:30  INFO 12100 --- [student-Registration] [main] r$InitializeUserDetailsManagerConfigurer : Global AuthenticationManager configured with UserDetailsService bean with name inMemoryUserDetailsManager
2026-07-25T11:35:43.967+05:30  INFO 12100 --- [student-Registration] [main] o.s.m.s.b.SimpleBrokerMessageHandler     : Starting...
2026-07-25T11:35:43.968+05:30  INFO 12100 --- [student-Registration] [main] o.s.m.s.b.SimpleBrokerMessageHandler     : BrokerAvailabilityEvent[available=true, SimpleBrokerMessageHandler [org.springframework.messaging.simp.broker.DefaultSubscriptionRegistry@7caf0725]]
2026-07-25T11:35:43.968+05:30  INFO 12100 --- [student-Registration] [main] o.s.m.s.b.SimpleBrokerMessageHandler     : Started.
2026-07-25T11:35:43.974+05:30  INFO 12100 --- [student-Registration] [main] .s.r.StudentRegistrationApplicationTests : Started StudentRegistrationApplicationTests in 6.275 seconds (process running for 6.953)
2026-07-25T11:35:44.319+05:30  INFO 12100 --- [student-Registration] [SpringApplicationShutdownHook] o.s.m.s.b.SimpleBrokerMessageHandler     : Stopping...
2026-07-25T11:35:44.319+05:30  INFO 12100 --- [student-Registration] [SpringApplicationShutdownHook] o.s.m.s.b.SimpleBrokerMessageHandler     : BrokerAvailabilityEvent[available=false, SimpleBrokerMessageHandler [org.springframework.messaging.simp.broker.DefaultSubscriptionRegistry@7caf0725]]
2026-07-25T11:35:44.319+05:30  INFO 12100 --- [student-Registration] [SpringApplicationShutdownHook] o.s.m.s.b.SimpleBrokerMessageHandler     : Stopped.
2026-07-25T11:35:44.326+05:30  INFO 12100 --- [student-Registration] [SpringApplicationShutdownHook] j.LocalContainerEntityManagerFactoryBean : Closing JPA EntityManagerFactory for persistence unit 'default'
2026-07-25T11:35:44.327+05:30  INFO 12100 --- [student-Registration] [SpringApplicationShutdownHook] com.zaxxer.hikari.HikariDataSource       : SPRMS-HikariPool - Shutdown initiated...
2026-07-25T11:35:44.332+05:30  INFO 12100 --- [student-Registration] [SpringApplicationShutdownHook] com.zaxxer.hikari.HikariDataSource       : SPRMS-HikariPool - Shutdown completed.
2026-07-25T11:35:49.903+05:30  INFO 16096 --- [student-Registration] [http-nio-8081-exec-1] o.a.c.c.C.[Tomcat-2].[localhost].[/]     : Initializing Spring DispatcherServlet 'dispatcherServlet'
2026-07-25T11:35:49.903+05:30  INFO 16096 --- [student-Registration] [http-nio-8081-exec-1] o.s.web.servlet.DispatcherServlet        : Initializing Servlet 'dispatcherServlet'
2026-07-25T11:35:49.905+05:30  INFO 16096 --- [student-Registration] [http-nio-8081-exec-1] o.s.web.servlet.DispatcherServlet        : Completed initialization in 2 ms
2026-07-25T11:35:49.908+05:30  INFO 16096 --- [student-Registration] [http-nio-8081-exec-1] s.r.c.ScholarshipResgistrationController : @@@Calling the manual CID entry DCRC info  frm...................
2026-07-25T11:36:22.884+05:30  INFO 16096 --- [student-Registration] [http-nio-8081-exec-1] s.r.c.ScholarshipResgistrationController : @@@Calling the manual CID entry DCRC info  frm...................
2026-07-25T11:36:38.827+05:30  INFO 16096 --- [student-Registration] [MessageBroker-1] o.s.w.s.c.WebSocketMessageBrokerStats    : WebSocketSession[0 current WS(0)-HttpStream(0)-HttpPoll(0), 0 total, 0 closed abnormally (0 connect failure, 0 send limit, 0 transport error)], stompSubProtocol[processed CONNECT(0)-CONNECTED(0)-DISCONNECT(0)], stompBrokerRelay[null], inboundChannel[pool size = 0, active threads = 0, queued tasks = 0, completed tasks = 0], outboundChannel[pool size = 0, active threads = 0, queued tasks = 0, completed tasks = 0], sockJsScheduler[pool size = 1, active threads = 1, queued tasks = 0, completed tasks = 0]
2026-07-25T11:39:33.211+05:30  INFO 16096 --- [student-Registration] [File Watcher] rtingClassPathChangeChangedEventListener : Restarting due to 132 class path changes (0 additions, 129 deletions, 3 modifications)
2026-07-25T11:39:33.212+05:30  INFO 16096 --- [student-Registration] [Thread-14] o.s.m.s.b.SimpleBrokerMessageHandler     : Stopping...
2026-07-25T11:39:33.212+05:30  INFO 16096 --- [student-Registration] [Thread-14] o.s.m.s.b.SimpleBrokerMessageHandler     : BrokerAvailabilityEvent[available=false, SimpleBrokerMessageHandler [org.springframework.messaging.simp.broker.DefaultSubscriptionRegistry@7d8b28b2]]
2026-07-25T11:39:33.212+05:30  INFO 16096 --- [student-Registration] [Thread-14] o.s.m.s.b.SimpleBrokerMessageHandler     : Stopped.
2026-07-25T11:39:33.393+05:30  INFO 16096 --- [student-Registration] [Thread-14] j.LocalContainerEntityManagerFactoryBean : Closing JPA EntityManagerFactory for persistence unit 'default'
2026-07-25T11:39:33.393+05:30  INFO 16096 --- [student-Registration] [Thread-14] com.zaxxer.hikari.HikariDataSource       : SPRMS-HikariPool - Shutdown initiated...
2026-07-25T11:39:33.396+05:30  INFO 16096 --- [student-Registration] [Thread-14] com.zaxxer.hikari.HikariDataSource       : SPRMS-HikariPool - Shutdown completed.
2026-07-25T11:39:33.461+05:30  INFO 16096 --- [student-Registration] [restartedMain] c.s.r.StudentRegistrationApplication     : Starting StudentRegistrationApplication using Java 17.0.3 with PID 16096 (D:\RCSC_SPRMS\SPRMS MAIN\SPRMS_STUDENT_REGISTRATION\target\classes started by eCMS in D:\RCSC_SPRMS\SPRMS MAIN\SPRMS_STUDENT_REGISTRATION)
2026-07-25T11:39:33.462+05:30  INFO 16096 --- [student-Registration] [restartedMain] c.s.r.StudentRegistrationApplication     : The following 1 profile is active: "prod"
2026-07-25T11:39:33.546+05:30  INFO 16096 --- [student-Registration] [restartedMain] .s.d.r.c.RepositoryConfigurationDelegate : Bootstrapping Spring Data JPA repositories in DEFAULT mode.
2026-07-25T11:39:33.547+05:30  INFO 16096 --- [student-Registration] [restartedMain] .s.d.r.c.RepositoryConfigurationDelegate : Finished Spring Data repository scanning in 0 ms. Found 0 JPA repository interfaces.
2026-07-25T11:39:33.670+05:30  INFO 16096 --- [student-Registration] [restartedMain] o.s.b.w.embedded.tomcat.TomcatWebServer  : Tomcat initialized with port 8081 (http)
2026-07-25T11:39:33.670+05:30  INFO 16096 --- [student-Registration] [restartedMain] o.apache.catalina.core.StandardService   : Starting service [Tomcat]
2026-07-25T11:39:33.670+05:30  INFO 16096 --- [student-Registration] [restartedMain] o.apache.catalina.core.StandardEngine    : Starting Servlet engine: [Apache Tomcat/10.1.31]
2026-07-25T11:39:33.685+05:30  INFO 16096 --- [student-Registration] [restartedMain] o.a.c.c.C.[Tomcat-2].[localhost].[/]     : Initializing Spring embedded WebApplicationContext
2026-07-25T11:39:33.685+05:30  INFO 16096 --- [student-Registration] [restartedMain] w.s.c.ServletWebServerApplicationContext : Root WebApplicationContext: initialization completed in 223 ms
2026-07-25T11:39:33.776+05:30  INFO 16096 --- [student-Registration] [restartedMain] o.hibernate.jpa.internal.util.LogHelper  : HHH000204: Processing PersistenceUnitInfo [name: default]
2026-07-25T11:39:33.777+05:30  INFO 16096 --- [student-Registration] [restartedMain] o.h.c.internal.RegionFactoryInitiator    : HHH000026: Second-level cache disabled
2026-07-25T11:39:33.782+05:30  INFO 16096 --- [student-Registration] [restartedMain] o.s.o.j.p.SpringPersistenceUnitInfo      : No LoadTimeWeaver setup: ignoring JPA class transformer
2026-07-25T11:39:33.782+05:30  INFO 16096 --- [student-Registration] [restartedMain] com.zaxxer.hikari.HikariDataSource       : SPRMS-HikariPool - Starting...
2026-07-25T11:39:33.793+05:30  INFO 16096 --- [student-Registration] [restartedMain] com.zaxxer.hikari.pool.HikariPool        : SPRMS-HikariPool - Added connection com.mysql.cj.jdbc.ConnectionImpl@4fcc3096
2026-07-25T11:39:33.793+05:30  INFO 16096 --- [student-Registration] [restartedMain] com.zaxxer.hikari.HikariDataSource       : SPRMS-HikariPool - Start completed.
2026-07-25T11:39:33.811+05:30  INFO 16096 --- [student-Registration] [restartedMain] o.h.e.t.j.p.i.JtaPlatformInitiator       : HHH000489: No JTA platform available (set 'hibernate.transaction.jta.platform' to enable JTA platform integration)
2026-07-25T11:39:33.811+05:30  INFO 16096 --- [student-Registration] [restartedMain] j.LocalContainerEntityManagerFactoryBean : Initialized JPA EntityManagerFactory for persistence unit 'default'
2026-07-25T11:39:33.925+05:30  WARN 16096 --- [student-Registration] [restartedMain] JpaBaseConfiguration$JpaWebConfiguration : spring.jpa.open-in-view is enabled by default. Therefore, database queries may be performed during view rendering. Explicitly configure spring.jpa.open-in-view to disable this warning
2026-07-25T11:39:34.188+05:30  WARN 16096 --- [student-Registration] [restartedMain] ConfigServletWebServerApplicationContext : Exception encountered during context initialization - cancelling refresh attempt: org.springframework.beans.factory.UnsatisfiedDependencyException: Error creating bean with name 'retryRegistry' defined in class path resource [io/github/resilience4j/springboot3/retry/autoconfigure/RetryConfigurationOnMissingBean.class]: Unsatisfied dependency expressed through method 'retryRegistry' parameter 0: Error creating bean with name 'resilience4j.retry-io.github.resilience4j.springboot3.retry.autoconfigure.RetryProperties': Could not bind properties to 'RetryProperties' : prefix=resilience4j.retry, ignoreInvalidFields=false, ignoreUnknownFields=true
2026-07-25T11:39:34.188+05:30  INFO 16096 --- [student-Registration] [restartedMain] j.LocalContainerEntityManagerFactoryBean : Closing JPA EntityManagerFactory for persistence unit 'default'
2026-07-25T11:39:34.188+05:30  INFO 16096 --- [student-Registration] [restartedMain] com.zaxxer.hikari.HikariDataSource       : SPRMS-HikariPool - Shutdown initiated...
2026-07-25T11:39:34.192+05:30  INFO 16096 --- [student-Registration] [restartedMain] com.zaxxer.hikari.HikariDataSource       : SPRMS-HikariPool - Shutdown completed.
2026-07-25T11:39:34.193+05:30  INFO 16096 --- [student-Registration] [restartedMain] o.apache.catalina.core.StandardService   : Stopping service [Tomcat]
2026-07-25T11:39:34.199+05:30  INFO 16096 --- [student-Registration] [restartedMain] .s.b.a.l.ConditionEvaluationReportLogger : 

Error starting ApplicationContext. To display the condition evaluation report re-run your application with 'debug' enabled.
2026-07-25T11:39:34.201+05:30 ERROR 16096 --- [student-Registration] [restartedMain] o.s.b.d.LoggingFailureAnalysisReporter   : 

***************************
APPLICATION FAILED TO START
***************************

Description:

Failed to bind properties under 'resilience4j.retry.instances.bcseaapi.ignore-exceptions' to java.lang.Class<java.lang.Throwable>[]:

    Property: resilience4j.retry.instances.bcseaapi.ignore-exceptions
    Value: "com.sprms.registration.exception.BcseaNoDataException,java.lang.IllegalArgumentException"
    Origin: class path resource [application-prod.properties] - 155:1
    Reason: failed to convert java.lang.String to java.lang.Class<java.lang.Throwable> (caused by java.lang.ClassNotFoundException: com.sprms.registration.exception.BcseaNoDataException)

Action:

Update your application's configuration

2026-07-25T11:39:36.676+05:30  INFO 16096 --- [student-Registration] [restartedMain] c.s.r.StudentRegistrationApplication     : Starting StudentRegistrationApplication using Java 17.0.3 with PID 16096 (D:\RCSC_SPRMS\SPRMS MAIN\SPRMS_STUDENT_REGISTRATION\target\classes started by eCMS in D:\RCSC_SPRMS\SPRMS MAIN\SPRMS_STUDENT_REGISTRATION)
2026-07-25T11:39:36.678+05:30  INFO 16096 --- [student-Registration] [restartedMain] c.s.r.StudentRegistrationApplication     : The following 1 profile is active: "prod"
2026-07-25T11:39:37.336+05:30  INFO 16096 --- [student-Registration] [restartedMain] .s.d.r.c.RepositoryConfigurationDelegate : Bootstrapping Spring Data JPA repositories in DEFAULT mode.
2026-07-25T11:39:37.354+05:30  INFO 16096 --- [student-Registration] [restartedMain] .s.d.r.c.RepositoryConfigurationDelegate : Finished Spring Data repository scanning in 16 ms. Found 9 JPA repository interfaces.
2026-07-25T11:39:37.486+05:30  INFO 16096 --- [student-Registration] [restartedMain] o.s.b.w.embedded.tomcat.TomcatWebServer  : Tomcat initialized with port 8081 (http)
2026-07-25T11:39:37.488+05:30  INFO 16096 --- [student-Registration] [restartedMain] o.apache.catalina.core.StandardService   : Starting service [Tomcat]
2026-07-25T11:39:37.488+05:30  INFO 16096 --- [student-Registration] [restartedMain] o.apache.catalina.core.StandardEngine    : Starting Servlet engine: [Apache Tomcat/10.1.31]
2026-07-25T11:39:37.501+05:30  INFO 16096 --- [student-Registration] [restartedMain] o.a.c.c.C.[Tomcat-3].[localhost].[/]     : Initializing Spring embedded WebApplicationContext
2026-07-25T11:39:37.501+05:30  INFO 16096 --- [student-Registration] [restartedMain] w.s.c.ServletWebServerApplicationContext : Root WebApplicationContext: initialization completed in 822 ms
2026-07-25T11:39:37.576+05:30  INFO 16096 --- [student-Registration] [restartedMain] o.hibernate.jpa.internal.util.LogHelper  : HHH000204: Processing PersistenceUnitInfo [name: default]
2026-07-25T11:39:37.578+05:30  INFO 16096 --- [student-Registration] [restartedMain] o.h.c.internal.RegionFactoryInitiator    : HHH000026: Second-level cache disabled
2026-07-25T11:39:37.581+05:30  INFO 16096 --- [student-Registration] [restartedMain] o.s.o.j.p.SpringPersistenceUnitInfo      : No LoadTimeWeaver setup: ignoring JPA class transformer
2026-07-25T11:39:37.582+05:30  INFO 16096 --- [student-Registration] [restartedMain] com.zaxxer.hikari.HikariDataSource       : SPRMS-HikariPool - Starting...
2026-07-25T11:39:37.594+05:30  INFO 16096 --- [student-Registration] [restartedMain] com.zaxxer.hikari.pool.HikariPool        : SPRMS-HikariPool - Added connection com.mysql.cj.jdbc.ConnectionImpl@1c958f44
2026-07-25T11:39:37.594+05:30  INFO 16096 --- [student-Registration] [restartedMain] com.zaxxer.hikari.HikariDataSource       : SPRMS-HikariPool - Start completed.
2026-07-25T11:39:37.674+05:30  INFO 16096 --- [student-Registration] [restartedMain] o.h.e.t.j.p.i.JtaPlatformInitiator       : HHH000489: No JTA platform available (set 'hibernate.transaction.jta.platform' to enable JTA platform integration)
2026-07-25T11:39:37.674+05:30  INFO 16096 --- [student-Registration] [restartedMain] org.hibernate.orm.connections.access     : HHH10001501: Connection obtained from JdbcConnectionAccess [org.hibernate.engine.jdbc.env.internal.JdbcEnvironmentInitiator$ConnectionProviderJdbcConnectionAccess@55dddd3] for (non-JTA) DDL execution was not in auto-commit mode; the Connection 'local transaction' will be committed and the Connection will be set into auto-commit mode.
2026-07-25T11:39:37.710+05:30  INFO 16096 --- [student-Registration] [restartedMain] j.LocalContainerEntityManagerFactoryBean : Initialized JPA EntityManagerFactory for persistence unit 'default'
2026-07-25T11:39:38.018+05:30  INFO 25156 --- [student-Registration] [main] .s.r.StudentRegistrationApplicationTests : Starting StudentRegistrationApplicationTests using Java 17 with PID 25156 (started by eCMS in D:\RCSC_SPRMS\SPRMS MAIN\SPRMS_STUDENT_REGISTRATION)
2026-07-25T11:39:38.019+05:30  INFO 25156 --- [student-Registration] [main] .s.r.StudentRegistrationApplicationTests : The following 1 profile is active: "prod"
2026-07-25T11:39:38.030+05:30  INFO 16096 --- [student-Registration] [restartedMain] c.s.r.config.Resilience4jConfig          : Retry listener registered for bcseaApi
2026-07-25T11:39:38.135+05:30  WARN 16096 --- [student-Registration] [restartedMain] JpaBaseConfiguration$JpaWebConfiguration : spring.jpa.open-in-view is enabled by default. Therefore, database queries may be performed during view rendering. Explicitly configure spring.jpa.open-in-view to disable this warning
2026-07-25T11:39:38.171+05:30  WARN 16096 --- [student-Registration] [restartedMain] .s.s.UserDetailsServiceAutoConfiguration : 

Using generated security password: 7a44f15d-32c2-400f-8229-1d4b3eac589c

This generated password is for development use only. Your security configuration must be updated before running your application in production.

2026-07-25T11:39:38.174+05:30  INFO 16096 --- [student-Registration] [restartedMain] r$InitializeUserDetailsManagerConfigurer : Global AuthenticationManager configured with UserDetailsService bean with name inMemoryUserDetailsManager
2026-07-25T11:39:38.674+05:30  INFO 16096 --- [student-Registration] [restartedMain] o.s.b.d.a.OptionalLiveReloadServer       : LiveReload server is running on port 35729
2026-07-25T11:39:38.687+05:30  INFO 16096 --- [student-Registration] [restartedMain] o.s.b.w.embedded.tomcat.TomcatWebServer  : Tomcat started on port 8081 (http) with context path '/'
2026-07-25T11:39:38.688+05:30  INFO 16096 --- [student-Registration] [restartedMain] o.s.m.s.b.SimpleBrokerMessageHandler     : Starting...
2026-07-25T11:39:38.688+05:30  INFO 16096 --- [student-Registration] [restartedMain] o.s.m.s.b.SimpleBrokerMessageHandler     : BrokerAvailabilityEvent[available=true, SimpleBrokerMessageHandler [org.springframework.messaging.simp.broker.DefaultSubscriptionRegistry@65016fbb]]
2026-07-25T11:39:38.688+05:30  INFO 16096 --- [student-Registration] [restartedMain] o.s.m.s.b.SimpleBrokerMessageHandler     : Started.
2026-07-25T11:39:38.691+05:30  INFO 16096 --- [student-Registration] [restartedMain] c.s.r.StudentRegistrationApplication     : Started StudentRegistrationApplication in 2.028 seconds (process running for 486.61)
2026-07-25T11:39:38.692+05:30  INFO 16096 --- [student-Registration] [restartedMain] .ConditionEvaluationDeltaLoggingListener : Condition evaluation unchanged
2026-07-25T11:39:38.784+05:30  INFO 25156 --- [student-Registration] [main] .s.d.r.c.RepositoryConfigurationDelegate : Bootstrapping Spring Data JPA repositories in DEFAULT mode.
2026-07-25T11:39:38.901+05:30  INFO 25156 --- [student-Registration] [main] .s.d.r.c.RepositoryConfigurationDelegate : Finished Spring Data repository scanning in 107 ms. Found 9 JPA repository interfaces.
2026-07-25T11:39:39.808+05:30  INFO 25156 --- [student-Registration] [main] o.hibernate.jpa.internal.util.LogHelper  : HHH000204: Processing PersistenceUnitInfo [name: default]
2026-07-25T11:39:39.896+05:30  INFO 25156 --- [student-Registration] [main] org.hibernate.Version                    : HHH000412: Hibernate ORM core version 6.5.3.Final
2026-07-25T11:39:39.921+05:30  INFO 25156 --- [student-Registration] [main] o.h.c.internal.RegionFactoryInitiator    : HHH000026: Second-level cache disabled
2026-07-25T11:39:40.153+05:30  INFO 25156 --- [student-Registration] [main] o.s.o.j.p.SpringPersistenceUnitInfo      : No LoadTimeWeaver setup: ignoring JPA class transformer
2026-07-25T11:39:40.175+05:30  INFO 25156 --- [student-Registration] [main] com.zaxxer.hikari.HikariDataSource       : SPRMS-HikariPool - Starting...
2026-07-25T11:39:40.379+05:30  INFO 25156 --- [student-Registration] [main] com.zaxxer.hikari.pool.HikariPool        : SPRMS-HikariPool - Added connection com.mysql.cj.jdbc.ConnectionImpl@7aab98b6
2026-07-25T11:39:40.381+05:30  INFO 25156 --- [student-Registration] [main] com.zaxxer.hikari.HikariDataSource       : SPRMS-HikariPool - Start completed.
2026-07-25T11:39:41.148+05:30  INFO 25156 --- [student-Registration] [main] o.h.e.t.j.p.i.JtaPlatformInitiator       : HHH000489: No JTA platform available (set 'hibernate.transaction.jta.platform' to enable JTA platform integration)
2026-07-25T11:39:41.158+05:30  INFO 25156 --- [student-Registration] [main] org.hibernate.orm.connections.access     : HHH10001501: Connection obtained from JdbcConnectionAccess [org.hibernate.engine.jdbc.env.internal.JdbcEnvironmentInitiator$ConnectionProviderJdbcConnectionAccess@6238b10a] for (non-JTA) DDL execution was not in auto-commit mode; the Connection 'local transaction' will be committed and the Connection will be set into auto-commit mode.
2026-07-25T11:39:41.207+05:30  INFO 25156 --- [student-Registration] [main] j.LocalContainerEntityManagerFactoryBean : Initialized JPA EntityManagerFactory for persistence unit 'default'
2026-07-25T11:39:42.582+05:30  INFO 25156 --- [student-Registration] [main] c.s.r.config.Resilience4jConfig          : Retry listener registered for bcseaApi
2026-07-25T11:39:42.725+05:30  INFO 25156 --- [student-Registration] [main] o.s.d.j.r.query.QueryEnhancerFactory     : Hibernate is in classpath; If applicable, HQL parser will be used.
2026-07-25T11:39:43.168+05:30  WARN 25156 --- [student-Registration] [main] JpaBaseConfiguration$JpaWebConfiguration : spring.jpa.open-in-view is enabled by default. Therefore, database queries may be performed during view rendering. Explicitly configure spring.jpa.open-in-view to disable this warning
2026-07-25T11:39:43.241+05:30  WARN 25156 --- [student-Registration] [main] .s.s.UserDetailsServiceAutoConfiguration : 

Using generated security password: 79ac065c-7d9b-4005-8cad-13d78012063e

This generated password is for development use only. Your security configuration must be updated before running your application in production.

2026-07-25T11:39:43.279+05:30  INFO 25156 --- [student-Registration] [main] r$InitializeUserDetailsManagerConfigurer : Global AuthenticationManager configured with UserDetailsService bean with name inMemoryUserDetailsManager
2026-07-25T11:39:44.248+05:30  INFO 25156 --- [student-Registration] [main] o.s.m.s.b.SimpleBrokerMessageHandler     : Starting...
2026-07-25T11:39:44.248+05:30  INFO 25156 --- [student-Registration] [main] o.s.m.s.b.SimpleBrokerMessageHandler     : BrokerAvailabilityEvent[available=true, SimpleBrokerMessageHandler [org.springframework.messaging.simp.broker.DefaultSubscriptionRegistry@5dea8bf2]]
2026-07-25T11:39:44.249+05:30  INFO 25156 --- [student-Registration] [main] o.s.m.s.b.SimpleBrokerMessageHandler     : Started.
2026-07-25T11:39:44.255+05:30  INFO 25156 --- [student-Registration] [main] .s.r.StudentRegistrationApplicationTests : Started StudentRegistrationApplicationTests in 6.458 seconds (process running for 7.18)
2026-07-25T11:39:44.588+05:30  INFO 25156 --- [student-Registration] [SpringApplicationShutdownHook] o.s.m.s.b.SimpleBrokerMessageHandler     : Stopping...
2026-07-25T11:39:44.588+05:30  INFO 25156 --- [student-Registration] [SpringApplicationShutdownHook] o.s.m.s.b.SimpleBrokerMessageHandler     : BrokerAvailabilityEvent[available=false, SimpleBrokerMessageHandler [org.springframework.messaging.simp.broker.DefaultSubscriptionRegistry@5dea8bf2]]
2026-07-25T11:39:44.588+05:30  INFO 25156 --- [student-Registration] [SpringApplicationShutdownHook] o.s.m.s.b.SimpleBrokerMessageHandler     : Stopped.
2026-07-25T11:39:44.603+05:30  INFO 25156 --- [student-Registration] [SpringApplicationShutdownHook] j.LocalContainerEntityManagerFactoryBean : Closing JPA EntityManagerFactory for persistence unit 'default'
2026-07-25T11:39:44.605+05:30  INFO 25156 --- [student-Registration] [SpringApplicationShutdownHook] com.zaxxer.hikari.HikariDataSource       : SPRMS-HikariPool - Shutdown initiated...
2026-07-25T11:39:44.611+05:30  INFO 25156 --- [student-Registration] [SpringApplicationShutdownHook] com.zaxxer.hikari.HikariDataSource       : SPRMS-HikariPool - Shutdown completed.
2026-07-25T11:39:48.466+05:30  INFO 16096 --- [student-Registration] [http-nio-8081-exec-1] o.a.c.c.C.[Tomcat-3].[localhost].[/]     : Initializing Spring DispatcherServlet 'dispatcherServlet'
2026-07-25T11:39:48.466+05:30  INFO 16096 --- [student-Registration] [http-nio-8081-exec-1] o.s.web.servlet.DispatcherServlet        : Initializing Servlet 'dispatcherServlet'
2026-07-25T11:39:48.468+05:30  INFO 16096 --- [student-Registration] [http-nio-8081-exec-1] o.s.web.servlet.DispatcherServlet        : Completed initialization in 2 ms
2026-07-25T11:39:48.470+05:30  INFO 16096 --- [student-Registration] [http-nio-8081-exec-1] s.r.c.ScholarshipResgistrationController : @@@Calling the manual CID entry DCRC info  frm...................
2026-07-25T11:40:38.684+05:30  INFO 16096 --- [student-Registration] [MessageBroker-1] o.s.w.s.c.WebSocketMessageBrokerStats    : WebSocketSession[0 current WS(0)-HttpStream(0)-HttpPoll(0), 0 total, 0 closed abnormally (0 connect failure, 0 send limit, 0 transport error)], stompSubProtocol[processed CONNECT(0)-CONNECTED(0)-DISCONNECT(0)], stompBrokerRelay[null], inboundChannel[pool size = 0, active threads = 0, queued tasks = 0, completed tasks = 0], outboundChannel[pool size = 0, active threads = 0, queued tasks = 0, completed tasks = 0], sockJsScheduler[pool size = 1, active threads = 1, queued tasks = 0, completed tasks = 0]
2026-07-25T11:40:40.728+05:30  INFO 16096 --- [student-Registration] [File Watcher] rtingClassPathChangeChangedEventListener : Restarting due to 132 class path changes (0 additions, 129 deletions, 3 modifications)
2026-07-25T11:40:40.730+05:30  INFO 16096 --- [student-Registration] [Thread-21] o.s.m.s.b.SimpleBrokerMessageHandler     : Stopping...
2026-07-25T11:40:40.730+05:30  INFO 16096 --- [student-Registration] [Thread-21] o.s.m.s.b.SimpleBrokerMessageHandler     : BrokerAvailabilityEvent[available=false, SimpleBrokerMessageHandler [org.springframework.messaging.simp.broker.DefaultSubscriptionRegistry@65016fbb]]
2026-07-25T11:40:40.730+05:30  INFO 16096 --- [student-Registration] [Thread-21] o.s.m.s.b.SimpleBrokerMessageHandler     : Stopped.
2026-07-25T11:40:40.906+05:30  INFO 16096 --- [student-Registration] [Thread-21] j.LocalContainerEntityManagerFactoryBean : Closing JPA EntityManagerFactory for persistence unit 'default'
2026-07-25T11:40:40.906+05:30  INFO 16096 --- [student-Registration] [Thread-21] com.zaxxer.hikari.HikariDataSource       : SPRMS-HikariPool - Shutdown initiated...
2026-07-25T11:40:40.911+05:30  INFO 16096 --- [student-Registration] [Thread-21] com.zaxxer.hikari.HikariDataSource       : SPRMS-HikariPool - Shutdown completed.
2026-07-25T11:40:40.981+05:30  INFO 16096 --- [student-Registration] [restartedMain] c.s.r.StudentRegistrationApplication     : Starting StudentRegistrationApplication using Java 17.0.3 with PID 16096 (D:\RCSC_SPRMS\SPRMS MAIN\SPRMS_STUDENT_REGISTRATION\target\classes started by eCMS in D:\RCSC_SPRMS\SPRMS MAIN\SPRMS_STUDENT_REGISTRATION)
2026-07-25T11:40:40.981+05:30  INFO 16096 --- [student-Registration] [restartedMain] c.s.r.StudentRegistrationApplication     : The following 1 profile is active: "prod"
2026-07-25T11:40:41.078+05:30  INFO 16096 --- [student-Registration] [restartedMain] .s.d.r.c.RepositoryConfigurationDelegate : Bootstrapping Spring Data JPA repositories in DEFAULT mode.
2026-07-25T11:40:41.079+05:30  INFO 16096 --- [student-Registration] [restartedMain] .s.d.r.c.RepositoryConfigurationDelegate : Finished Spring Data repository scanning in 0 ms. Found 0 JPA repository interfaces.
2026-07-25T11:40:41.227+05:30  INFO 16096 --- [student-Registration] [restartedMain] o.s.b.w.embedded.tomcat.TomcatWebServer  : Tomcat initialized with port 8081 (http)
2026-07-25T11:40:41.227+05:30  INFO 16096 --- [student-Registration] [restartedMain] o.apache.catalina.core.StandardService   : Starting service [Tomcat]
2026-07-25T11:40:41.227+05:30  INFO 16096 --- [student-Registration] [restartedMain] o.apache.catalina.core.StandardEngine    : Starting Servlet engine: [Apache Tomcat/10.1.31]
2026-07-25T11:40:41.243+05:30  INFO 16096 --- [student-Registration] [restartedMain] o.a.c.c.C.[Tomcat-3].[localhost].[/]     : Initializing Spring embedded WebApplicationContext
2026-07-25T11:40:41.243+05:30  INFO 16096 --- [student-Registration] [restartedMain] w.s.c.ServletWebServerApplicationContext : Root WebApplicationContext: initialization completed in 261 ms
2026-07-25T11:40:41.348+05:30  INFO 16096 --- [student-Registration] [restartedMain] o.hibernate.jpa.internal.util.LogHelper  : HHH000204: Processing PersistenceUnitInfo [name: default]
2026-07-25T11:40:41.349+05:30  INFO 16096 --- [student-Registration] [restartedMain] o.h.c.internal.RegionFactoryInitiator    : HHH000026: Second-level cache disabled
2026-07-25T11:40:41.354+05:30  INFO 16096 --- [student-Registration] [restartedMain] o.s.o.j.p.SpringPersistenceUnitInfo      : No LoadTimeWeaver setup: ignoring JPA class transformer
2026-07-25T11:40:41.354+05:30  INFO 16096 --- [student-Registration] [restartedMain] com.zaxxer.hikari.HikariDataSource       : SPRMS-HikariPool - Starting...
2026-07-25T11:40:41.364+05:30  INFO 16096 --- [student-Registration] [restartedMain] com.zaxxer.hikari.pool.HikariPool        : SPRMS-HikariPool - Added connection com.mysql.cj.jdbc.ConnectionImpl@3e5da38d
2026-07-25T11:40:41.364+05:30  INFO 16096 --- [student-Registration] [restartedMain] com.zaxxer.hikari.HikariDataSource       : SPRMS-HikariPool - Start completed.
2026-07-25T11:40:41.378+05:30  INFO 16096 --- [student-Registration] [restartedMain] o.h.e.t.j.p.i.JtaPlatformInitiator       : HHH000489: No JTA platform available (set 'hibernate.transaction.jta.platform' to enable JTA platform integration)
2026-07-25T11:40:41.379+05:30  INFO 16096 --- [student-Registration] [restartedMain] j.LocalContainerEntityManagerFactoryBean : Initialized JPA EntityManagerFactory for persistence unit 'default'
2026-07-25T11:40:41.496+05:30  WARN 16096 --- [student-Registration] [restartedMain] JpaBaseConfiguration$JpaWebConfiguration : spring.jpa.open-in-view is enabled by default. Therefore, database queries may be performed during view rendering. Explicitly configure spring.jpa.open-in-view to disable this warning
2026-07-25T11:40:41.753+05:30  WARN 16096 --- [student-Registration] [restartedMain] ConfigServletWebServerApplicationContext : Exception encountered during context initialization - cancelling refresh attempt: org.springframework.beans.factory.UnsatisfiedDependencyException: Error creating bean with name 'retryRegistry' defined in class path resource [io/github/resilience4j/springboot3/retry/autoconfigure/RetryConfigurationOnMissingBean.class]: Unsatisfied dependency expressed through method 'retryRegistry' parameter 0: Error creating bean with name 'resilience4j.retry-io.github.resilience4j.springboot3.retry.autoconfigure.RetryProperties': Could not bind properties to 'RetryProperties' : prefix=resilience4j.retry, ignoreInvalidFields=false, ignoreUnknownFields=true
2026-07-25T11:40:41.754+05:30  INFO 16096 --- [student-Registration] [restartedMain] j.LocalContainerEntityManagerFactoryBean : Closing JPA EntityManagerFactory for persistence unit 'default'
2026-07-25T11:40:41.754+05:30  INFO 16096 --- [student-Registration] [restartedMain] com.zaxxer.hikari.HikariDataSource       : SPRMS-HikariPool - Shutdown initiated...
2026-07-25T11:40:41.756+05:30  INFO 16096 --- [student-Registration] [restartedMain] com.zaxxer.hikari.HikariDataSource       : SPRMS-HikariPool - Shutdown completed.
2026-07-25T11:40:41.758+05:30  INFO 16096 --- [student-Registration] [restartedMain] o.apache.catalina.core.StandardService   : Stopping service [Tomcat]
2026-07-25T11:40:41.762+05:30  INFO 16096 --- [student-Registration] [restartedMain] .s.b.a.l.ConditionEvaluationReportLogger : 

Error starting ApplicationContext. To display the condition evaluation report re-run your application with 'debug' enabled.
2026-07-25T11:40:41.764+05:30 ERROR 16096 --- [student-Registration] [restartedMain] o.s.b.d.LoggingFailureAnalysisReporter   : 

***************************
APPLICATION FAILED TO START
***************************

Description:

Failed to bind properties under 'resilience4j.retry.instances.bcseaapi.ignore-exceptions' to java.lang.Class<java.lang.Throwable>[]:

    Property: resilience4j.retry.instances.bcseaapi.ignore-exceptions
    Value: "com.sprms.registration.exception.BcseaNoDataException,java.lang.IllegalArgumentException"
    Origin: class path resource [application-prod.properties] - 155:1
    Reason: failed to convert java.lang.String to java.lang.Class<java.lang.Throwable> (caused by java.lang.ClassNotFoundException: com.sprms.registration.exception.BcseaNoDataException)

Action:

Update your application's configuration

2026-07-25T11:40:44.056+05:30  INFO 16096 --- [student-Registration] [restartedMain] c.s.r.StudentRegistrationApplication     : Starting StudentRegistrationApplication using Java 17.0.3 with PID 16096 (D:\RCSC_SPRMS\SPRMS MAIN\SPRMS_STUDENT_REGISTRATION\target\classes started by eCMS in D:\RCSC_SPRMS\SPRMS MAIN\SPRMS_STUDENT_REGISTRATION)
2026-07-25T11:40:44.056+05:30  INFO 16096 --- [student-Registration] [restartedMain] c.s.r.StudentRegistrationApplication     : The following 1 profile is active: "prod"
2026-07-25T11:40:44.711+05:30  INFO 16096 --- [student-Registration] [restartedMain] .s.d.r.c.RepositoryConfigurationDelegate : Bootstrapping Spring Data JPA repositories in DEFAULT mode.
2026-07-25T11:40:44.726+05:30  INFO 16096 --- [student-Registration] [restartedMain] .s.d.r.c.RepositoryConfigurationDelegate : Finished Spring Data repository scanning in 14 ms. Found 9 JPA repository interfaces.
2026-07-25T11:40:44.854+05:30  INFO 16096 --- [student-Registration] [restartedMain] o.s.b.w.embedded.tomcat.TomcatWebServer  : Tomcat initialized with port 8081 (http)
2026-07-25T11:40:44.854+05:30  INFO 16096 --- [student-Registration] [restartedMain] o.apache.catalina.core.StandardService   : Starting service [Tomcat]
2026-07-25T11:40:44.854+05:30  INFO 16096 --- [student-Registration] [restartedMain] o.apache.catalina.core.StandardEngine    : Starting Servlet engine: [Apache Tomcat/10.1.31]
2026-07-25T11:40:44.866+05:30  INFO 16096 --- [student-Registration] [restartedMain] o.a.c.c.C.[Tomcat-4].[localhost].[/]     : Initializing Spring embedded WebApplicationContext
2026-07-25T11:40:44.866+05:30  INFO 16096 --- [student-Registration] [restartedMain] w.s.c.ServletWebServerApplicationContext : Root WebApplicationContext: initialization completed in 809 ms
2026-07-25T11:40:44.941+05:30  INFO 16096 --- [student-Registration] [restartedMain] o.hibernate.jpa.internal.util.LogHelper  : HHH000204: Processing PersistenceUnitInfo [name: default]
2026-07-25T11:40:44.944+05:30  INFO 16096 --- [student-Registration] [restartedMain] o.h.c.internal.RegionFactoryInitiator    : HHH000026: Second-level cache disabled
2026-07-25T11:40:44.948+05:30  INFO 16096 --- [student-Registration] [restartedMain] o.s.o.j.p.SpringPersistenceUnitInfo      : No LoadTimeWeaver setup: ignoring JPA class transformer
2026-07-25T11:40:44.948+05:30  INFO 16096 --- [student-Registration] [restartedMain] com.zaxxer.hikari.HikariDataSource       : SPRMS-HikariPool - Starting...
2026-07-25T11:40:44.958+05:30  INFO 16096 --- [student-Registration] [restartedMain] com.zaxxer.hikari.pool.HikariPool        : SPRMS-HikariPool - Added connection com.mysql.cj.jdbc.ConnectionImpl@31d723c7
2026-07-25T11:40:44.958+05:30  INFO 16096 --- [student-Registration] [restartedMain] com.zaxxer.hikari.HikariDataSource       : SPRMS-HikariPool - Start completed.
2026-07-25T11:40:45.028+05:30  INFO 16096 --- [student-Registration] [restartedMain] o.h.e.t.j.p.i.JtaPlatformInitiator       : HHH000489: No JTA platform available (set 'hibernate.transaction.jta.platform' to enable JTA platform integration)
2026-07-25T11:40:45.028+05:30  INFO 16096 --- [student-Registration] [restartedMain] org.hibernate.orm.connections.access     : HHH10001501: Connection obtained from JdbcConnectionAccess [org.hibernate.engine.jdbc.env.internal.JdbcEnvironmentInitiator$ConnectionProviderJdbcConnectionAccess@17f5a994] for (non-JTA) DDL execution was not in auto-commit mode; the Connection 'local transaction' will be committed and the Connection will be set into auto-commit mode.
2026-07-25T11:40:45.064+05:30  INFO 16096 --- [student-Registration] [restartedMain] j.LocalContainerEntityManagerFactoryBean : Initialized JPA EntityManagerFactory for persistence unit 'default'
2026-07-25T11:40:45.254+05:30  INFO 25396 --- [student-Registration] [main] .s.r.StudentRegistrationApplicationTests : Starting StudentRegistrationApplicationTests using Java 17 with PID 25396 (started by eCMS in D:\RCSC_SPRMS\SPRMS MAIN\SPRMS_STUDENT_REGISTRATION)
2026-07-25T11:40:45.255+05:30  INFO 25396 --- [student-Registration] [main] .s.r.StudentRegistrationApplicationTests : The following 1 profile is active: "prod"
2026-07-25T11:40:45.372+05:30  INFO 16096 --- [student-Registration] [restartedMain] c.s.r.config.Resilience4jConfig          : Retry listener registered for bcseaApi
2026-07-25T11:40:45.505+05:30  WARN 16096 --- [student-Registration] [restartedMain] JpaBaseConfiguration$JpaWebConfiguration : spring.jpa.open-in-view is enabled by default. Therefore, database queries may be performed during view rendering. Explicitly configure spring.jpa.open-in-view to disable this warning
2026-07-25T11:40:45.542+05:30  WARN 16096 --- [student-Registration] [restartedMain] .s.s.UserDetailsServiceAutoConfiguration : 

Using generated security password: bfb0b917-06d6-4ecc-8745-3c2e29b7de45

This generated password is for development use only. Your security configuration must be updated before running your application in production.

2026-07-25T11:40:45.546+05:30  INFO 16096 --- [student-Registration] [restartedMain] r$InitializeUserDetailsManagerConfigurer : Global AuthenticationManager configured with UserDetailsService bean with name inMemoryUserDetailsManager
2026-07-25T11:40:46.003+05:30  INFO 25396 --- [student-Registration] [main] .s.d.r.c.RepositoryConfigurationDelegate : Bootstrapping Spring Data JPA repositories in DEFAULT mode.
2026-07-25T11:40:46.045+05:30  INFO 16096 --- [student-Registration] [restartedMain] o.s.b.d.a.OptionalLiveReloadServer       : LiveReload server is running on port 35729
2026-07-25T11:40:46.057+05:30  INFO 16096 --- [student-Registration] [restartedMain] o.s.b.w.embedded.tomcat.TomcatWebServer  : Tomcat started on port 8081 (http) with context path '/'
2026-07-25T11:40:46.057+05:30  INFO 16096 --- [student-Registration] [restartedMain] o.s.m.s.b.SimpleBrokerMessageHandler     : Starting...
2026-07-25T11:40:46.057+05:30  INFO 16096 --- [student-Registration] [restartedMain] o.s.m.s.b.SimpleBrokerMessageHandler     : BrokerAvailabilityEvent[available=true, SimpleBrokerMessageHandler [org.springframework.messaging.simp.broker.DefaultSubscriptionRegistry@69609f48]]
2026-07-25T11:40:46.057+05:30  INFO 16096 --- [student-Registration] [restartedMain] o.s.m.s.b.SimpleBrokerMessageHandler     : Started.
2026-07-25T11:40:46.061+05:30  INFO 16096 --- [student-Registration] [restartedMain] c.s.r.StudentRegistrationApplication     : Started StudentRegistrationApplication in 2.02 seconds (process running for 553.98)
2026-07-25T11:40:46.062+05:30  INFO 16096 --- [student-Registration] [restartedMain] .ConditionEvaluationDeltaLoggingListener : Condition evaluation unchanged
2026-07-25T11:40:46.127+05:30  INFO 25396 --- [student-Registration] [main] .s.d.r.c.RepositoryConfigurationDelegate : Finished Spring Data repository scanning in 115 ms. Found 9 JPA repository interfaces.
2026-07-25T11:40:47.003+05:30  INFO 25396 --- [student-Registration] [main] o.hibernate.jpa.internal.util.LogHelper  : HHH000204: Processing PersistenceUnitInfo [name: default]
2026-07-25T11:40:47.065+05:30  INFO 25396 --- [student-Registration] [main] org.hibernate.Version                    : HHH000412: Hibernate ORM core version 6.5.3.Final
2026-07-25T11:40:47.095+05:30  INFO 25396 --- [student-Registration] [main] o.h.c.internal.RegionFactoryInitiator    : HHH000026: Second-level cache disabled
2026-07-25T11:40:47.350+05:30  INFO 25396 --- [student-Registration] [main] o.s.o.j.p.SpringPersistenceUnitInfo      : No LoadTimeWeaver setup: ignoring JPA class transformer
2026-07-25T11:40:47.392+05:30  INFO 25396 --- [student-Registration] [main] com.zaxxer.hikari.HikariDataSource       : SPRMS-HikariPool - Starting...
2026-07-25T11:40:47.927+05:30  INFO 25396 --- [student-Registration] [main] com.zaxxer.hikari.pool.HikariPool        : SPRMS-HikariPool - Added connection com.mysql.cj.jdbc.ConnectionImpl@129c760d
2026-07-25T11:40:47.929+05:30  INFO 25396 --- [student-Registration] [main] com.zaxxer.hikari.HikariDataSource       : SPRMS-HikariPool - Start completed.
2026-07-25T11:40:48.654+05:30  INFO 16096 --- [student-Registration] [http-nio-8081-exec-3] o.a.c.c.C.[Tomcat-4].[localhost].[/]     : Initializing Spring DispatcherServlet 'dispatcherServlet'
2026-07-25T11:40:48.655+05:30  INFO 16096 --- [student-Registration] [http-nio-8081-exec-3] o.s.web.servlet.DispatcherServlet        : Initializing Servlet 'dispatcherServlet'
2026-07-25T11:40:48.656+05:30  INFO 16096 --- [student-Registration] [http-nio-8081-exec-3] o.s.web.servlet.DispatcherServlet        : Completed initialization in 1 ms
2026-07-25T11:40:48.660+05:30  INFO 16096 --- [student-Registration] [http-nio-8081-exec-3] s.r.c.ScholarshipResgistrationController : @@@Calling the manual CID entry DCRC info  frm...................
2026-07-25T11:40:49.772+05:30  INFO 25396 --- [student-Registration] [main] o.h.e.t.j.p.i.JtaPlatformInitiator       : HHH000489: No JTA platform available (set 'hibernate.transaction.jta.platform' to enable JTA platform integration)
2026-07-25T11:40:49.816+05:30  INFO 25396 --- [student-Registration] [main] org.hibernate.orm.connections.access     : HHH10001501: Connection obtained from JdbcConnectionAccess [org.hibernate.engine.jdbc.env.internal.JdbcEnvironmentInitiator$ConnectionProviderJdbcConnectionAccess@1c0ec502] for (non-JTA) DDL execution was not in auto-commit mode; the Connection 'local transaction' will be committed and the Connection will be set into auto-commit mode.
2026-07-25T11:40:49.953+05:30  INFO 25396 --- [student-Registration] [main] j.LocalContainerEntityManagerFactoryBean : Initialized JPA EntityManagerFactory for persistence unit 'default'
2026-07-25T11:40:52.546+05:30  INFO 25396 --- [student-Registration] [main] c.s.r.config.Resilience4jConfig          : Retry listener registered for bcseaApi
2026-07-25T11:40:52.754+05:30  INFO 25396 --- [student-Registration] [main] o.s.d.j.r.query.QueryEnhancerFactory     : Hibernate is in classpath; If applicable, HQL parser will be used.
2026-07-25T11:40:53.548+05:30  WARN 25396 --- [student-Registration] [main] JpaBaseConfiguration$JpaWebConfiguration : spring.jpa.open-in-view is enabled by default. Therefore, database queries may be performed during view rendering. Explicitly configure spring.jpa.open-in-view to disable this warning
2026-07-25T11:40:53.694+05:30  WARN 25396 --- [student-Registration] [main] .s.s.UserDetailsServiceAutoConfiguration : 

Using generated security password: f2ff9674-0f41-438a-930b-237b387fde21

This generated password is for development use only. Your security configuration must be updated before running your application in production.

2026-07-25T11:40:53.768+05:30  INFO 25396 --- [student-Registration] [main] r$InitializeUserDetailsManagerConfigurer : Global AuthenticationManager configured with UserDetailsService bean with name inMemoryUserDetailsManager
2026-07-25T11:40:54.790+05:30  INFO 25396 --- [student-Registration] [main] o.s.m.s.b.SimpleBrokerMessageHandler     : Starting...
2026-07-25T11:40:54.790+05:30  INFO 25396 --- [student-Registration] [main] o.s.m.s.b.SimpleBrokerMessageHandler     : BrokerAvailabilityEvent[available=true, SimpleBrokerMessageHandler [org.springframework.messaging.simp.broker.DefaultSubscriptionRegistry@7e2f1454]]
2026-07-25T11:40:54.791+05:30  INFO 25396 --- [student-Registration] [main] o.s.m.s.b.SimpleBrokerMessageHandler     : Started.
2026-07-25T11:40:54.796+05:30  INFO 25396 --- [student-Registration] [main] .s.r.StudentRegistrationApplicationTests : Started StudentRegistrationApplicationTests in 9.759 seconds (process running for 10.449)
2026-07-25T11:40:55.135+05:30  INFO 25396 --- [student-Registration] [SpringApplicationShutdownHook] o.s.m.s.b.SimpleBrokerMessageHandler     : Stopping...
2026-07-25T11:40:55.135+05:30  INFO 25396 --- [student-Registration] [SpringApplicationShutdownHook] o.s.m.s.b.SimpleBrokerMessageHandler     : BrokerAvailabilityEvent[available=false, SimpleBrokerMessageHandler [org.springframework.messaging.simp.broker.DefaultSubscriptionRegistry@7e2f1454]]
2026-07-25T11:40:55.135+05:30  INFO 25396 --- [student-Registration] [SpringApplicationShutdownHook] o.s.m.s.b.SimpleBrokerMessageHandler     : Stopped.
2026-07-25T11:40:55.145+05:30  INFO 25396 --- [student-Registration] [SpringApplicationShutdownHook] j.LocalContainerEntityManagerFactoryBean : Closing JPA EntityManagerFactory for persistence unit 'default'
2026-07-25T11:40:55.147+05:30  INFO 25396 --- [student-Registration] [SpringApplicationShutdownHook] com.zaxxer.hikari.HikariDataSource       : SPRMS-HikariPool - Shutdown initiated...
2026-07-25T11:40:55.153+05:30  INFO 25396 --- [student-Registration] [SpringApplicationShutdownHook] com.zaxxer.hikari.HikariDataSource       : SPRMS-HikariPool - Shutdown completed.
2026-07-25T11:41:46.064+05:30  INFO 16096 --- [student-Registration] [MessageBroker-1] o.s.w.s.c.WebSocketMessageBrokerStats    : WebSocketSession[0 current WS(0)-HttpStream(0)-HttpPoll(0), 0 total, 0 closed abnormally (0 connect failure, 0 send limit, 0 transport error)], stompSubProtocol[processed CONNECT(0)-CONNECTED(0)-DISCONNECT(0)], stompBrokerRelay[null], inboundChannel[pool size = 0, active threads = 0, queued tasks = 0, completed tasks = 0], outboundChannel[pool size = 0, active threads = 0, queued tasks = 0, completed tasks = 0], sockJsScheduler[pool size = 1, active threads = 1, queued tasks = 0, completed tasks = 0]
2026-07-25T11:42:57.057+05:30  INFO 16096 --- [student-Registration] [File Watcher] rtingClassPathChangeChangedEventListener : Restarting due to 132 class path changes (0 additions, 129 deletions, 3 modifications)
2026-07-25T11:42:57.059+05:30  INFO 16096 --- [student-Registration] [Thread-28] o.s.m.s.b.SimpleBrokerMessageHandler     : Stopping...
2026-07-25T11:42:57.059+05:30  INFO 16096 --- [student-Registration] [Thread-28] o.s.m.s.b.SimpleBrokerMessageHandler     : BrokerAvailabilityEvent[available=false, SimpleBrokerMessageHandler [org.springframework.messaging.simp.broker.DefaultSubscriptionRegistry@69609f48]]
2026-07-25T11:42:57.059+05:30  INFO 16096 --- [student-Registration] [Thread-28] o.s.m.s.b.SimpleBrokerMessageHandler     : Stopped.
2026-07-25T11:42:57.246+05:30  INFO 16096 --- [student-Registration] [Thread-28] j.LocalContainerEntityManagerFactoryBean : Closing JPA EntityManagerFactory for persistence unit 'default'
2026-07-25T11:42:57.246+05:30  INFO 16096 --- [student-Registration] [Thread-28] com.zaxxer.hikari.HikariDataSource       : SPRMS-HikariPool - Shutdown initiated...
2026-07-25T11:42:57.248+05:30  INFO 16096 --- [student-Registration] [Thread-28] com.zaxxer.hikari.HikariDataSource       : SPRMS-HikariPool - Shutdown completed.
2026-07-25T11:42:57.310+05:30  INFO 16096 --- [student-Registration] [restartedMain] c.s.r.StudentRegistrationApplication     : Starting StudentRegistrationApplication using Java 17.0.3 with PID 16096 (D:\RCSC_SPRMS\SPRMS MAIN\SPRMS_STUDENT_REGISTRATION\target\classes started by eCMS in D:\RCSC_SPRMS\SPRMS MAIN\SPRMS_STUDENT_REGISTRATION)
2026-07-25T11:42:57.310+05:30  INFO 16096 --- [student-Registration] [restartedMain] c.s.r.StudentRegistrationApplication     : The following 1 profile is active: "prod"
2026-07-25T11:42:57.397+05:30  INFO 16096 --- [student-Registration] [restartedMain] .s.d.r.c.RepositoryConfigurationDelegate : Bootstrapping Spring Data JPA repositories in DEFAULT mode.
2026-07-25T11:42:57.398+05:30  INFO 16096 --- [student-Registration] [restartedMain] .s.d.r.c.RepositoryConfigurationDelegate : Finished Spring Data repository scanning in 0 ms. Found 0 JPA repository interfaces.
2026-07-25T11:42:57.526+05:30  INFO 16096 --- [student-Registration] [restartedMain] o.s.b.w.embedded.tomcat.TomcatWebServer  : Tomcat initialized with port 8081 (http)
2026-07-25T11:42:57.527+05:30  INFO 16096 --- [student-Registration] [restartedMain] o.apache.catalina.core.StandardService   : Starting service [Tomcat]
2026-07-25T11:42:57.527+05:30  INFO 16096 --- [student-Registration] [restartedMain] o.apache.catalina.core.StandardEngine    : Starting Servlet engine: [Apache Tomcat/10.1.31]
2026-07-25T11:42:57.541+05:30  INFO 16096 --- [student-Registration] [restartedMain] o.a.c.c.C.[Tomcat-4].[localhost].[/]     : Initializing Spring embedded WebApplicationContext
2026-07-25T11:42:57.541+05:30  INFO 16096 --- [student-Registration] [restartedMain] w.s.c.ServletWebServerApplicationContext : Root WebApplicationContext: initialization completed in 230 ms
2026-07-25T11:42:57.642+05:30  INFO 16096 --- [student-Registration] [restartedMain] o.hibernate.jpa.internal.util.LogHelper  : HHH000204: Processing PersistenceUnitInfo [name: default]
2026-07-25T11:42:57.644+05:30  INFO 16096 --- [student-Registration] [restartedMain] o.h.c.internal.RegionFactoryInitiator    : HHH000026: Second-level cache disabled
2026-07-25T11:42:57.647+05:30  INFO 16096 --- [student-Registration] [restartedMain] o.s.o.j.p.SpringPersistenceUnitInfo      : No LoadTimeWeaver setup: ignoring JPA class transformer
2026-07-25T11:42:57.648+05:30  INFO 16096 --- [student-Registration] [restartedMain] com.zaxxer.hikari.HikariDataSource       : SPRMS-HikariPool - Starting...
2026-07-25T11:42:57.657+05:30  INFO 16096 --- [student-Registration] [restartedMain] com.zaxxer.hikari.pool.HikariPool        : SPRMS-HikariPool - Added connection com.mysql.cj.jdbc.ConnectionImpl@7df1c44
2026-07-25T11:42:57.657+05:30  INFO 16096 --- [student-Registration] [restartedMain] com.zaxxer.hikari.HikariDataSource       : SPRMS-HikariPool - Start completed.
2026-07-25T11:42:57.668+05:30  INFO 16096 --- [student-Registration] [restartedMain] o.h.e.t.j.p.i.JtaPlatformInitiator       : HHH000489: No JTA platform available (set 'hibernate.transaction.jta.platform' to enable JTA platform integration)
2026-07-25T11:42:57.668+05:30  INFO 16096 --- [student-Registration] [restartedMain] j.LocalContainerEntityManagerFactoryBean : Initialized JPA EntityManagerFactory for persistence unit 'default'
2026-07-25T11:42:57.786+05:30  WARN 16096 --- [student-Registration] [restartedMain] JpaBaseConfiguration$JpaWebConfiguration : spring.jpa.open-in-view is enabled by default. Therefore, database queries may be performed during view rendering. Explicitly configure spring.jpa.open-in-view to disable this warning
2026-07-25T11:42:58.049+05:30  WARN 16096 --- [student-Registration] [restartedMain] ConfigServletWebServerApplicationContext : Exception encountered during context initialization - cancelling refresh attempt: org.springframework.beans.factory.UnsatisfiedDependencyException: Error creating bean with name 'retryRegistry' defined in class path resource [io/github/resilience4j/springboot3/retry/autoconfigure/RetryConfigurationOnMissingBean.class]: Unsatisfied dependency expressed through method 'retryRegistry' parameter 0: Error creating bean with name 'resilience4j.retry-io.github.resilience4j.springboot3.retry.autoconfigure.RetryProperties': Could not bind properties to 'RetryProperties' : prefix=resilience4j.retry, ignoreInvalidFields=false, ignoreUnknownFields=true
2026-07-25T11:42:58.049+05:30  INFO 16096 --- [student-Registration] [restartedMain] j.LocalContainerEntityManagerFactoryBean : Closing JPA EntityManagerFactory for persistence unit 'default'
2026-07-25T11:42:58.049+05:30  INFO 16096 --- [student-Registration] [restartedMain] com.zaxxer.hikari.HikariDataSource       : SPRMS-HikariPool - Shutdown initiated...
2026-07-25T11:42:58.052+05:30  INFO 16096 --- [student-Registration] [restartedMain] com.zaxxer.hikari.HikariDataSource       : SPRMS-HikariPool - Shutdown completed.
2026-07-25T11:42:58.052+05:30  INFO 16096 --- [student-Registration] [restartedMain] o.apache.catalina.core.StandardService   : Stopping service [Tomcat]
2026-07-25T11:42:58.056+05:30  INFO 16096 --- [student-Registration] [restartedMain] .s.b.a.l.ConditionEvaluationReportLogger : 

Error starting ApplicationContext. To display the condition evaluation report re-run your application with 'debug' enabled.
2026-07-25T11:42:58.058+05:30 ERROR 16096 --- [student-Registration] [restartedMain] o.s.b.d.LoggingFailureAnalysisReporter   : 

***************************
APPLICATION FAILED TO START
***************************

Description:

Failed to bind properties under 'resilience4j.retry.instances.bcseaapi.ignore-exceptions' to java.lang.Class<java.lang.Throwable>[]:

    Property: resilience4j.retry.instances.bcseaapi.ignore-exceptions
    Value: "com.sprms.registration.exception.BcseaNoDataException,java.lang.IllegalArgumentException"
    Origin: class path resource [application-prod.properties] - 155:1
    Reason: failed to convert java.lang.String to java.lang.Class<java.lang.Throwable> (caused by java.lang.ClassNotFoundException: com.sprms.registration.exception.BcseaNoDataException)

Action:

Update your application's configuration

2026-07-25T11:43:00.960+05:30  INFO 16096 --- [student-Registration] [restartedMain] c.s.r.StudentRegistrationApplication     : Starting StudentRegistrationApplication using Java 17.0.3 with PID 16096 (D:\RCSC_SPRMS\SPRMS MAIN\SPRMS_STUDENT_REGISTRATION\target\classes started by eCMS in D:\RCSC_SPRMS\SPRMS MAIN\SPRMS_STUDENT_REGISTRATION)
2026-07-25T11:43:00.960+05:30  INFO 16096 --- [student-Registration] [restartedMain] c.s.r.StudentRegistrationApplication     : The following 1 profile is active: "prod"
2026-07-25T11:43:01.723+05:30  INFO 16096 --- [student-Registration] [restartedMain] .s.d.r.c.RepositoryConfigurationDelegate : Bootstrapping Spring Data JPA repositories in DEFAULT mode.
2026-07-25T11:43:01.739+05:30  INFO 16096 --- [student-Registration] [restartedMain] .s.d.r.c.RepositoryConfigurationDelegate : Finished Spring Data repository scanning in 15 ms. Found 9 JPA repository interfaces.
2026-07-25T11:43:01.871+05:30  INFO 16096 --- [student-Registration] [restartedMain] o.s.b.w.embedded.tomcat.TomcatWebServer  : Tomcat initialized with port 8081 (http)
2026-07-25T11:43:01.871+05:30  INFO 16096 --- [student-Registration] [restartedMain] o.apache.catalina.core.StandardService   : Starting service [Tomcat]
2026-07-25T11:43:01.871+05:30  INFO 16096 --- [student-Registration] [restartedMain] o.apache.catalina.core.StandardEngine    : Starting Servlet engine: [Apache Tomcat/10.1.31]
2026-07-25T11:43:01.884+05:30  INFO 16096 --- [student-Registration] [restartedMain] o.a.c.c.C.[Tomcat-5].[localhost].[/]     : Initializing Spring embedded WebApplicationContext
2026-07-25T11:43:01.884+05:30  INFO 16096 --- [student-Registration] [restartedMain] w.s.c.ServletWebServerApplicationContext : Root WebApplicationContext: initialization completed in 923 ms
2026-07-25T11:43:01.955+05:30  INFO 16096 --- [student-Registration] [restartedMain] o.hibernate.jpa.internal.util.LogHelper  : HHH000204: Processing PersistenceUnitInfo [name: default]
2026-07-25T11:43:01.956+05:30  INFO 16096 --- [student-Registration] [restartedMain] o.h.c.internal.RegionFactoryInitiator    : HHH000026: Second-level cache disabled
2026-07-25T11:43:01.960+05:30  INFO 16096 --- [student-Registration] [restartedMain] o.s.o.j.p.SpringPersistenceUnitInfo      : No LoadTimeWeaver setup: ignoring JPA class transformer
2026-07-25T11:43:01.960+05:30  INFO 16096 --- [student-Registration] [restartedMain] com.zaxxer.hikari.HikariDataSource       : SPRMS-HikariPool - Starting...
2026-07-25T11:43:01.970+05:30  INFO 16096 --- [student-Registration] [restartedMain] com.zaxxer.hikari.pool.HikariPool        : SPRMS-HikariPool - Added connection com.mysql.cj.jdbc.ConnectionImpl@35c43eb8
2026-07-25T11:43:01.970+05:30  INFO 16096 --- [student-Registration] [restartedMain] com.zaxxer.hikari.HikariDataSource       : SPRMS-HikariPool - Start completed.
2026-07-25T11:43:02.038+05:30  INFO 16096 --- [student-Registration] [restartedMain] o.h.e.t.j.p.i.JtaPlatformInitiator       : HHH000489: No JTA platform available (set 'hibernate.transaction.jta.platform' to enable JTA platform integration)
2026-07-25T11:43:02.038+05:30  INFO 16096 --- [student-Registration] [restartedMain] org.hibernate.orm.connections.access     : HHH10001501: Connection obtained from JdbcConnectionAccess [org.hibernate.engine.jdbc.env.internal.JdbcEnvironmentInitiator$ConnectionProviderJdbcConnectionAccess@16c8827d] for (non-JTA) DDL execution was not in auto-commit mode; the Connection 'local transaction' will be committed and the Connection will be set into auto-commit mode.
2026-07-25T11:43:02.072+05:30  INFO 16096 --- [student-Registration] [restartedMain] j.LocalContainerEntityManagerFactoryBean : Initialized JPA EntityManagerFactory for persistence unit 'default'
2026-07-25T11:43:02.316+05:30  INFO 20432 --- [student-Registration] [main] .s.r.StudentRegistrationApplicationTests : Starting StudentRegistrationApplicationTests using Java 17 with PID 20432 (started by eCMS in D:\RCSC_SPRMS\SPRMS MAIN\SPRMS_STUDENT_REGISTRATION)
2026-07-25T11:43:02.319+05:30  INFO 20432 --- [student-Registration] [main] .s.r.StudentRegistrationApplicationTests : The following 1 profile is active: "prod"
2026-07-25T11:43:02.715+05:30  INFO 16096 --- [student-Registration] [restartedMain] c.s.r.config.Resilience4jConfig          : Retry listener registered for bcseaApi
2026-07-25T11:43:03.006+05:30  WARN 16096 --- [student-Registration] [restartedMain] JpaBaseConfiguration$JpaWebConfiguration : spring.jpa.open-in-view is enabled by default. Therefore, database queries may be performed during view rendering. Explicitly configure spring.jpa.open-in-view to disable this warning
2026-07-25T11:43:03.039+05:30  INFO 20432 --- [student-Registration] [main] .s.d.r.c.RepositoryConfigurationDelegate : Bootstrapping Spring Data JPA repositories in DEFAULT mode.
2026-07-25T11:43:03.071+05:30  WARN 16096 --- [student-Registration] [restartedMain] .s.s.UserDetailsServiceAutoConfiguration : 

Using generated security password: 55290c1f-56c6-44c8-a51d-17927026b50e

This generated password is for development use only. Your security configuration must be updated before running your application in production.

2026-07-25T11:43:03.075+05:30  INFO 16096 --- [student-Registration] [restartedMain] r$InitializeUserDetailsManagerConfigurer : Global AuthenticationManager configured with UserDetailsService bean with name inMemoryUserDetailsManager
2026-07-25T11:43:03.160+05:30  INFO 20432 --- [student-Registration] [main] .s.d.r.c.RepositoryConfigurationDelegate : Finished Spring Data repository scanning in 113 ms. Found 9 JPA repository interfaces.
2026-07-25T11:43:04.121+05:30  INFO 20432 --- [student-Registration] [main] o.hibernate.jpa.internal.util.LogHelper  : HHH000204: Processing PersistenceUnitInfo [name: default]
2026-07-25T11:43:04.198+05:30  INFO 20432 --- [student-Registration] [main] org.hibernate.Version                    : HHH000412: Hibernate ORM core version 6.5.3.Final
2026-07-25T11:43:04.205+05:30  INFO 16096 --- [student-Registration] [restartedMain] o.s.b.d.a.OptionalLiveReloadServer       : LiveReload server is running on port 35729
2026-07-25T11:43:04.224+05:30  INFO 20432 --- [student-Registration] [main] o.h.c.internal.RegionFactoryInitiator    : HHH000026: Second-level cache disabled
2026-07-25T11:43:04.234+05:30  INFO 16096 --- [student-Registration] [restartedMain] o.s.b.w.embedded.tomcat.TomcatWebServer  : Tomcat started on port 8081 (http) with context path '/'
2026-07-25T11:43:04.235+05:30  INFO 16096 --- [student-Registration] [restartedMain] o.s.m.s.b.SimpleBrokerMessageHandler     : Starting...
2026-07-25T11:43:04.235+05:30  INFO 16096 --- [student-Registration] [restartedMain] o.s.m.s.b.SimpleBrokerMessageHandler     : BrokerAvailabilityEvent[available=true, SimpleBrokerMessageHandler [org.springframework.messaging.simp.broker.DefaultSubscriptionRegistry@4c803e90]]
2026-07-25T11:43:04.235+05:30  INFO 16096 --- [student-Registration] [restartedMain] o.s.m.s.b.SimpleBrokerMessageHandler     : Started.
2026-07-25T11:43:04.241+05:30  INFO 16096 --- [student-Registration] [restartedMain] c.s.r.StudentRegistrationApplication     : Started StudentRegistrationApplication in 3.31 seconds (process running for 692.161)
2026-07-25T11:43:04.244+05:30  INFO 16096 --- [student-Registration] [restartedMain] .ConditionEvaluationDeltaLoggingListener : Condition evaluation unchanged
2026-07-25T11:43:04.403+05:30  INFO 16096 --- [student-Registration] [http-nio-8081-exec-1] o.a.c.c.C.[Tomcat-5].[localhost].[/]     : Initializing Spring DispatcherServlet 'dispatcherServlet'
2026-07-25T11:43:04.403+05:30  INFO 16096 --- [student-Registration] [http-nio-8081-exec-1] o.s.web.servlet.DispatcherServlet        : Initializing Servlet 'dispatcherServlet'
2026-07-25T11:43:04.405+05:30  INFO 16096 --- [student-Registration] [http-nio-8081-exec-1] o.s.web.servlet.DispatcherServlet        : Completed initialization in 2 ms
2026-07-25T11:43:04.408+05:30  INFO 16096 --- [student-Registration] [http-nio-8081-exec-1] s.r.c.ScholarshipResgistrationController : @@@Calling the manual CID entry DCRC info  frm...................
2026-07-25T11:43:04.696+05:30  INFO 20432 --- [student-Registration] [main] o.s.o.j.p.SpringPersistenceUnitInfo      : No LoadTimeWeaver setup: ignoring JPA class transformer
2026-07-25T11:43:04.731+05:30  INFO 20432 --- [student-Registration] [main] com.zaxxer.hikari.HikariDataSource       : SPRMS-HikariPool - Starting...
2026-07-25T11:43:05.105+05:30  INFO 20432 --- [student-Registration] [main] com.zaxxer.hikari.pool.HikariPool        : SPRMS-HikariPool - Added connection com.mysql.cj.jdbc.ConnectionImpl@6fd97fd1
2026-07-25T11:43:05.108+05:30  INFO 20432 --- [student-Registration] [main] com.zaxxer.hikari.HikariDataSource       : SPRMS-HikariPool - Start completed.
2026-07-25T11:43:06.678+05:30  INFO 20432 --- [student-Registration] [main] o.h.e.t.j.p.i.JtaPlatformInitiator       : HHH000489: No JTA platform available (set 'hibernate.transaction.jta.platform' to enable JTA platform integration)
2026-07-25T11:43:06.698+05:30  INFO 20432 --- [student-Registration] [main] org.hibernate.orm.connections.access     : HHH10001501: Connection obtained from JdbcConnectionAccess [org.hibernate.engine.jdbc.env.internal.JdbcEnvironmentInitiator$ConnectionProviderJdbcConnectionAccess@74214ac3] for (non-JTA) DDL execution was not in auto-commit mode; the Connection 'local transaction' will be committed and the Connection will be set into auto-commit mode.
2026-07-25T11:43:06.783+05:30  INFO 20432 --- [student-Registration] [main] j.LocalContainerEntityManagerFactoryBean : Initialized JPA EntityManagerFactory for persistence unit 'default'
2026-07-25T11:43:09.173+05:30  INFO 20432 --- [student-Registration] [main] c.s.r.config.Resilience4jConfig          : Retry listener registered for bcseaApi
2026-07-25T11:43:09.304+05:30  INFO 20432 --- [student-Registration] [main] o.s.d.j.r.query.QueryEnhancerFactory     : Hibernate is in classpath; If applicable, HQL parser will be used.
2026-07-25T11:43:09.708+05:30  WARN 20432 --- [student-Registration] [main] JpaBaseConfiguration$JpaWebConfiguration : spring.jpa.open-in-view is enabled by default. Therefore, database queries may be performed during view rendering. Explicitly configure spring.jpa.open-in-view to disable this warning
2026-07-25T11:43:09.778+05:30  WARN 20432 --- [student-Registration] [main] .s.s.UserDetailsServiceAutoConfiguration : 

Using generated security password: 130fbacd-5ef9-4441-b797-58dc282c790e

This generated password is for development use only. Your security configuration must be updated before running your application in production.

2026-07-25T11:43:09.818+05:30  INFO 20432 --- [student-Registration] [main] r$InitializeUserDetailsManagerConfigurer : Global AuthenticationManager configured with UserDetailsService bean with name inMemoryUserDetailsManager
2026-07-25T11:43:10.617+05:30  INFO 20432 --- [student-Registration] [main] o.s.m.s.b.SimpleBrokerMessageHandler     : Starting...
2026-07-25T11:43:10.617+05:30  INFO 20432 --- [student-Registration] [main] o.s.m.s.b.SimpleBrokerMessageHandler     : BrokerAvailabilityEvent[available=true, SimpleBrokerMessageHandler [org.springframework.messaging.simp.broker.DefaultSubscriptionRegistry@8f7544a]]
2026-07-25T11:43:10.619+05:30  INFO 20432 --- [student-Registration] [main] o.s.m.s.b.SimpleBrokerMessageHandler     : Started.
2026-07-25T11:43:10.625+05:30  INFO 20432 --- [student-Registration] [main] .s.r.StudentRegistrationApplicationTests : Started StudentRegistrationApplicationTests in 8.535 seconds (process running for 9.305)
2026-07-25T11:43:10.924+05:30  INFO 20432 --- [student-Registration] [SpringApplicationShutdownHook] o.s.m.s.b.SimpleBrokerMessageHandler     : Stopping...
2026-07-25T11:43:10.925+05:30  INFO 20432 --- [student-Registration] [SpringApplicationShutdownHook] o.s.m.s.b.SimpleBrokerMessageHandler     : BrokerAvailabilityEvent[available=false, SimpleBrokerMessageHandler [org.springframework.messaging.simp.broker.DefaultSubscriptionRegistry@8f7544a]]
2026-07-25T11:43:10.925+05:30  INFO 20432 --- [student-Registration] [SpringApplicationShutdownHook] o.s.m.s.b.SimpleBrokerMessageHandler     : Stopped.
2026-07-25T11:43:10.933+05:30  INFO 20432 --- [student-Registration] [SpringApplicationShutdownHook] j.LocalContainerEntityManagerFactoryBean : Closing JPA EntityManagerFactory for persistence unit 'default'
2026-07-25T11:43:10.935+05:30  INFO 20432 --- [student-Registration] [SpringApplicationShutdownHook] com.zaxxer.hikari.HikariDataSource       : SPRMS-HikariPool - Shutdown initiated...
2026-07-25T11:43:10.941+05:30  INFO 20432 --- [student-Registration] [SpringApplicationShutdownHook] com.zaxxer.hikari.HikariDataSource       : SPRMS-HikariPool - Shutdown completed.
2026-07-25T11:43:42.040+05:30  INFO 16096 --- [student-Registration] [File Watcher] rtingClassPathChangeChangedEventListener : Restarting due to 132 class path changes (0 additions, 129 deletions, 3 modifications)
2026-07-25T11:43:42.041+05:30  INFO 16096 --- [student-Registration] [Thread-35] o.s.m.s.b.SimpleBrokerMessageHandler     : Stopping...
2026-07-25T11:43:42.041+05:30  INFO 16096 --- [student-Registration] [Thread-35] o.s.m.s.b.SimpleBrokerMessageHandler     : BrokerAvailabilityEvent[available=false, SimpleBrokerMessageHandler [org.springframework.messaging.simp.broker.DefaultSubscriptionRegistry@4c803e90]]
2026-07-25T11:43:42.041+05:30  INFO 16096 --- [student-Registration] [Thread-35] o.s.m.s.b.SimpleBrokerMessageHandler     : Stopped.
2026-07-25T11:43:42.251+05:30  INFO 16096 --- [student-Registration] [Thread-35] j.LocalContainerEntityManagerFactoryBean : Closing JPA EntityManagerFactory for persistence unit 'default'
2026-07-25T11:43:42.252+05:30  INFO 16096 --- [student-Registration] [Thread-35] com.zaxxer.hikari.HikariDataSource       : SPRMS-HikariPool - Shutdown initiated...
2026-07-25T11:43:42.255+05:30  INFO 16096 --- [student-Registration] [Thread-35] com.zaxxer.hikari.HikariDataSource       : SPRMS-HikariPool - Shutdown completed.
2026-07-25T11:43:42.333+05:30  INFO 16096 --- [student-Registration] [restartedMain] c.s.r.StudentRegistrationApplication     : Starting StudentRegistrationApplication using Java 17.0.3 with PID 16096 (D:\RCSC_SPRMS\SPRMS MAIN\SPRMS_STUDENT_REGISTRATION\target\classes started by eCMS in D:\RCSC_SPRMS\SPRMS MAIN\SPRMS_STUDENT_REGISTRATION)
2026-07-25T11:43:42.333+05:30  INFO 16096 --- [student-Registration] [restartedMain] c.s.r.StudentRegistrationApplication     : The following 1 profile is active: "prod"
2026-07-25T11:43:42.435+05:30  INFO 16096 --- [student-Registration] [restartedMain] .s.d.r.c.RepositoryConfigurationDelegate : Bootstrapping Spring Data JPA repositories in DEFAULT mode.
2026-07-25T11:43:42.437+05:30  INFO 16096 --- [student-Registration] [restartedMain] .s.d.r.c.RepositoryConfigurationDelegate : Finished Spring Data repository scanning in 0 ms. Found 0 JPA repository interfaces.
2026-07-25T11:43:42.561+05:30  INFO 16096 --- [student-Registration] [restartedMain] o.s.b.w.embedded.tomcat.TomcatWebServer  : Tomcat initialized with port 8081 (http)
2026-07-25T11:43:42.562+05:30  INFO 16096 --- [student-Registration] [restartedMain] o.apache.catalina.core.StandardService   : Starting service [Tomcat]
2026-07-25T11:43:42.562+05:30  INFO 16096 --- [student-Registration] [restartedMain] o.apache.catalina.core.StandardEngine    : Starting Servlet engine: [Apache Tomcat/10.1.31]
2026-07-25T11:43:42.576+05:30  INFO 16096 --- [student-Registration] [restartedMain] o.a.c.c.C.[Tomcat-5].[localhost].[/]     : Initializing Spring embedded WebApplicationContext
2026-07-25T11:43:42.576+05:30  INFO 16096 --- [student-Registration] [restartedMain] w.s.c.ServletWebServerApplicationContext : Root WebApplicationContext: initialization completed in 242 ms
2026-07-25T11:43:42.665+05:30  INFO 16096 --- [student-Registration] [restartedMain] o.hibernate.jpa.internal.util.LogHelper  : HHH000204: Processing PersistenceUnitInfo [name: default]
2026-07-25T11:43:42.667+05:30  INFO 16096 --- [student-Registration] [restartedMain] o.h.c.internal.RegionFactoryInitiator    : HHH000026: Second-level cache disabled
2026-07-25T11:43:42.674+05:30  INFO 16096 --- [student-Registration] [restartedMain] o.s.o.j.p.SpringPersistenceUnitInfo      : No LoadTimeWeaver setup: ignoring JPA class transformer
2026-07-25T11:43:42.675+05:30  INFO 16096 --- [student-Registration] [restartedMain] com.zaxxer.hikari.HikariDataSource       : SPRMS-HikariPool - Starting...
2026-07-25T11:43:42.685+05:30  INFO 16096 --- [student-Registration] [restartedMain] com.zaxxer.hikari.pool.HikariPool        : SPRMS-HikariPool - Added connection com.mysql.cj.jdbc.ConnectionImpl@348f8810
2026-07-25T11:43:42.685+05:30  INFO 16096 --- [student-Registration] [restartedMain] com.zaxxer.hikari.HikariDataSource       : SPRMS-HikariPool - Start completed.
2026-07-25T11:43:42.698+05:30  INFO 16096 --- [student-Registration] [restartedMain] o.h.e.t.j.p.i.JtaPlatformInitiator       : HHH000489: No JTA platform available (set 'hibernate.transaction.jta.platform' to enable JTA platform integration)
2026-07-25T11:43:42.698+05:30  INFO 16096 --- [student-Registration] [restartedMain] j.LocalContainerEntityManagerFactoryBean : Initialized JPA EntityManagerFactory for persistence unit 'default'
2026-07-25T11:43:42.817+05:30  WARN 16096 --- [student-Registration] [restartedMain] JpaBaseConfiguration$JpaWebConfiguration : spring.jpa.open-in-view is enabled by default. Therefore, database queries may be performed during view rendering. Explicitly configure spring.jpa.open-in-view to disable this warning
2026-07-25T11:43:43.094+05:30  WARN 16096 --- [student-Registration] [restartedMain] ConfigServletWebServerApplicationContext : Exception encountered during context initialization - cancelling refresh attempt: org.springframework.beans.factory.UnsatisfiedDependencyException: Error creating bean with name 'retryRegistry' defined in class path resource [io/github/resilience4j/springboot3/retry/autoconfigure/RetryConfigurationOnMissingBean.class]: Unsatisfied dependency expressed through method 'retryRegistry' parameter 0: Error creating bean with name 'resilience4j.retry-io.github.resilience4j.springboot3.retry.autoconfigure.RetryProperties': Could not bind properties to 'RetryProperties' : prefix=resilience4j.retry, ignoreInvalidFields=false, ignoreUnknownFields=true
2026-07-25T11:43:43.094+05:30  INFO 16096 --- [student-Registration] [restartedMain] j.LocalContainerEntityManagerFactoryBean : Closing JPA EntityManagerFactory for persistence unit 'default'
2026-07-25T11:43:43.095+05:30  INFO 16096 --- [student-Registration] [restartedMain] com.zaxxer.hikari.HikariDataSource       : SPRMS-HikariPool - Shutdown initiated...
2026-07-25T11:43:43.098+05:30  INFO 16096 --- [student-Registration] [restartedMain] com.zaxxer.hikari.HikariDataSource       : SPRMS-HikariPool - Shutdown completed.
2026-07-25T11:43:43.099+05:30  INFO 16096 --- [student-Registration] [restartedMain] o.apache.catalina.core.StandardService   : Stopping service [Tomcat]
2026-07-25T11:43:43.103+05:30  INFO 16096 --- [student-Registration] [restartedMain] .s.b.a.l.ConditionEvaluationReportLogger : 

Error starting ApplicationContext. To display the condition evaluation report re-run your application with 'debug' enabled.
2026-07-25T11:43:43.105+05:30 ERROR 16096 --- [student-Registration] [restartedMain] o.s.b.d.LoggingFailureAnalysisReporter   : 

***************************
APPLICATION FAILED TO START
***************************

Description:

Failed to bind properties under 'resilience4j.retry.instances.bcseaapi.ignore-exceptions' to java.lang.Class<java.lang.Throwable>[]:

    Property: resilience4j.retry.instances.bcseaapi.ignore-exceptions
    Value: "com.sprms.registration.exception.BcseaNoDataException,java.lang.IllegalArgumentException"
    Origin: class path resource [application-prod.properties] - 155:1
    Reason: failed to convert java.lang.String to java.lang.Class<java.lang.Throwable> (caused by java.lang.ClassNotFoundException: com.sprms.registration.exception.BcseaNoDataException)

Action:

Update your application's configuration

2026-07-25T11:43:45.988+05:30  INFO 16096 --- [student-Registration] [restartedMain] c.s.r.StudentRegistrationApplication     : Starting StudentRegistrationApplication using Java 17.0.3 with PID 16096 (D:\RCSC_SPRMS\SPRMS MAIN\SPRMS_STUDENT_REGISTRATION\target\classes started by eCMS in D:\RCSC_SPRMS\SPRMS MAIN\SPRMS_STUDENT_REGISTRATION)
2026-07-25T11:43:45.988+05:30  INFO 16096 --- [student-Registration] [restartedMain] c.s.r.StudentRegistrationApplication     : The following 1 profile is active: "prod"
2026-07-25T11:43:46.681+05:30  INFO 16096 --- [student-Registration] [restartedMain] .s.d.r.c.RepositoryConfigurationDelegate : Bootstrapping Spring Data JPA repositories in DEFAULT mode.
2026-07-25T11:43:46.699+05:30  INFO 16096 --- [student-Registration] [restartedMain] .s.d.r.c.RepositoryConfigurationDelegate : Finished Spring Data repository scanning in 17 ms. Found 9 JPA repository interfaces.
2026-07-25T11:43:46.829+05:30  INFO 16096 --- [student-Registration] [restartedMain] o.s.b.w.embedded.tomcat.TomcatWebServer  : Tomcat initialized with port 8081 (http)
2026-07-25T11:43:46.830+05:30  INFO 16096 --- [student-Registration] [restartedMain] o.apache.catalina.core.StandardService   : Starting service [Tomcat]
2026-07-25T11:43:46.830+05:30  INFO 16096 --- [student-Registration] [restartedMain] o.apache.catalina.core.StandardEngine    : Starting Servlet engine: [Apache Tomcat/10.1.31]
2026-07-25T11:43:46.841+05:30  INFO 16096 --- [student-Registration] [restartedMain] o.a.c.c.C.[Tomcat-6].[localhost].[/]     : Initializing Spring embedded WebApplicationContext
2026-07-25T11:43:46.841+05:30  INFO 16096 --- [student-Registration] [restartedMain] w.s.c.ServletWebServerApplicationContext : Root WebApplicationContext: initialization completed in 852 ms
2026-07-25T11:43:46.913+05:30  INFO 16096 --- [student-Registration] [restartedMain] o.hibernate.jpa.internal.util.LogHelper  : HHH000204: Processing PersistenceUnitInfo [name: default]
2026-07-25T11:43:46.915+05:30  INFO 16096 --- [student-Registration] [restartedMain] o.h.c.internal.RegionFactoryInitiator    : HHH000026: Second-level cache disabled
2026-07-25T11:43:46.919+05:30  INFO 16096 --- [student-Registration] [restartedMain] o.s.o.j.p.SpringPersistenceUnitInfo      : No LoadTimeWeaver setup: ignoring JPA class transformer
2026-07-25T11:43:46.919+05:30  INFO 16096 --- [student-Registration] [restartedMain] com.zaxxer.hikari.HikariDataSource       : SPRMS-HikariPool - Starting...
2026-07-25T11:43:46.926+05:30  INFO 16096 --- [student-Registration] [restartedMain] com.zaxxer.hikari.pool.HikariPool        : SPRMS-HikariPool - Added connection com.mysql.cj.jdbc.ConnectionImpl@444fa027
2026-07-25T11:43:46.926+05:30  INFO 16096 --- [student-Registration] [restartedMain] com.zaxxer.hikari.HikariDataSource       : SPRMS-HikariPool - Start completed.
2026-07-25T11:43:46.990+05:30  INFO 16096 --- [student-Registration] [restartedMain] o.h.e.t.j.p.i.JtaPlatformInitiator       : HHH000489: No JTA platform available (set 'hibernate.transaction.jta.platform' to enable JTA platform integration)
2026-07-25T11:43:46.990+05:30  INFO 16096 --- [student-Registration] [restartedMain] org.hibernate.orm.connections.access     : HHH10001501: Connection obtained from JdbcConnectionAccess [org.hibernate.engine.jdbc.env.internal.JdbcEnvironmentInitiator$ConnectionProviderJdbcConnectionAccess@64fecd9] for (non-JTA) DDL execution was not in auto-commit mode; the Connection 'local transaction' will be committed and the Connection will be set into auto-commit mode.
2026-07-25T11:43:47.023+05:30  INFO 16096 --- [student-Registration] [restartedMain] j.LocalContainerEntityManagerFactoryBean : Initialized JPA EntityManagerFactory for persistence unit 'default'
2026-07-25T11:43:47.335+05:30  INFO 16096 --- [student-Registration] [restartedMain] c.s.r.config.Resilience4jConfig          : Retry listener registered for bcseaApi
2026-07-25T11:43:47.354+05:30  INFO 1132 --- [student-Registration] [main] .s.r.StudentRegistrationApplicationTests : Starting StudentRegistrationApplicationTests using Java 17 with PID 1132 (started by eCMS in D:\RCSC_SPRMS\SPRMS MAIN\SPRMS_STUDENT_REGISTRATION)
2026-07-25T11:43:47.356+05:30  INFO 1132 --- [student-Registration] [main] .s.r.StudentRegistrationApplicationTests : The following 1 profile is active: "prod"
2026-07-25T11:43:47.458+05:30  WARN 16096 --- [student-Registration] [restartedMain] JpaBaseConfiguration$JpaWebConfiguration : spring.jpa.open-in-view is enabled by default. Therefore, database queries may be performed during view rendering. Explicitly configure spring.jpa.open-in-view to disable this warning
2026-07-25T11:43:47.492+05:30  WARN 16096 --- [student-Registration] [restartedMain] .s.s.UserDetailsServiceAutoConfiguration : 

Using generated security password: 308bec4f-348a-4a08-a757-ca23bb5a0624

This generated password is for development use only. Your security configuration must be updated before running your application in production.

2026-07-25T11:43:47.495+05:30  INFO 16096 --- [student-Registration] [restartedMain] r$InitializeUserDetailsManagerConfigurer : Global AuthenticationManager configured with UserDetailsService bean with name inMemoryUserDetailsManager
2026-07-25T11:43:47.975+05:30  INFO 16096 --- [student-Registration] [restartedMain] o.s.b.d.a.OptionalLiveReloadServer       : LiveReload server is running on port 35729
2026-07-25T11:43:47.986+05:30  INFO 16096 --- [student-Registration] [restartedMain] o.s.b.w.embedded.tomcat.TomcatWebServer  : Tomcat started on port 8081 (http) with context path '/'
2026-07-25T11:43:47.986+05:30  INFO 16096 --- [student-Registration] [restartedMain] o.s.m.s.b.SimpleBrokerMessageHandler     : Starting...
2026-07-25T11:43:47.986+05:30  INFO 16096 --- [student-Registration] [restartedMain] o.s.m.s.b.SimpleBrokerMessageHandler     : BrokerAvailabilityEvent[available=true, SimpleBrokerMessageHandler [org.springframework.messaging.simp.broker.DefaultSubscriptionRegistry@6e66e8ea]]
2026-07-25T11:43:47.986+05:30  INFO 16096 --- [student-Registration] [restartedMain] o.s.m.s.b.SimpleBrokerMessageHandler     : Started.
2026-07-25T11:43:47.989+05:30  INFO 16096 --- [student-Registration] [restartedMain] c.s.r.StudentRegistrationApplication     : Started StudentRegistrationApplication in 2.014 seconds (process running for 735.908)
2026-07-25T11:43:47.990+05:30  INFO 16096 --- [student-Registration] [restartedMain] .ConditionEvaluationDeltaLoggingListener : Condition evaluation unchanged
2026-07-25T11:43:48.116+05:30  INFO 1132 --- [student-Registration] [main] .s.d.r.c.RepositoryConfigurationDelegate : Bootstrapping Spring Data JPA repositories in DEFAULT mode.
2026-07-25T11:43:48.239+05:30  INFO 1132 --- [student-Registration] [main] .s.d.r.c.RepositoryConfigurationDelegate : Finished Spring Data repository scanning in 115 ms. Found 9 JPA repository interfaces.
2026-07-25T11:43:49.080+05:30  INFO 1132 --- [student-Registration] [main] o.hibernate.jpa.internal.util.LogHelper  : HHH000204: Processing PersistenceUnitInfo [name: default]
2026-07-25T11:43:49.157+05:30  INFO 1132 --- [student-Registration] [main] org.hibernate.Version                    : HHH000412: Hibernate ORM core version 6.5.3.Final
2026-07-25T11:43:49.181+05:30  INFO 1132 --- [student-Registration] [main] o.h.c.internal.RegionFactoryInitiator    : HHH000026: Second-level cache disabled
2026-07-25T11:43:49.400+05:30  INFO 1132 --- [student-Registration] [main] o.s.o.j.p.SpringPersistenceUnitInfo      : No LoadTimeWeaver setup: ignoring JPA class transformer
2026-07-25T11:43:49.428+05:30  INFO 1132 --- [student-Registration] [main] com.zaxxer.hikari.HikariDataSource       : SPRMS-HikariPool - Starting...
2026-07-25T11:43:49.635+05:30  INFO 1132 --- [student-Registration] [main] com.zaxxer.hikari.pool.HikariPool        : SPRMS-HikariPool - Added connection com.mysql.cj.jdbc.ConnectionImpl@5e3405a1
2026-07-25T11:43:49.637+05:30  INFO 1132 --- [student-Registration] [main] com.zaxxer.hikari.HikariDataSource       : SPRMS-HikariPool - Start completed.
2026-07-25T11:43:50.393+05:30  INFO 1132 --- [student-Registration] [main] o.h.e.t.j.p.i.JtaPlatformInitiator       : HHH000489: No JTA platform available (set 'hibernate.transaction.jta.platform' to enable JTA platform integration)
2026-07-25T11:43:50.404+05:30  INFO 1132 --- [student-Registration] [main] org.hibernate.orm.connections.access     : HHH10001501: Connection obtained from JdbcConnectionAccess [org.hibernate.engine.jdbc.env.internal.JdbcEnvironmentInitiator$ConnectionProviderJdbcConnectionAccess@6238b10a] for (non-JTA) DDL execution was not in auto-commit mode; the Connection 'local transaction' will be committed and the Connection will be set into auto-commit mode.
2026-07-25T11:43:50.455+05:30  INFO 1132 --- [student-Registration] [main] j.LocalContainerEntityManagerFactoryBean : Initialized JPA EntityManagerFactory for persistence unit 'default'
2026-07-25T11:43:51.877+05:30  INFO 1132 --- [student-Registration] [main] c.s.r.config.Resilience4jConfig          : Retry listener registered for bcseaApi
2026-07-25T11:43:52.000+05:30  INFO 1132 --- [student-Registration] [main] o.s.d.j.r.query.QueryEnhancerFactory     : Hibernate is in classpath; If applicable, HQL parser will be used.
2026-07-25T11:43:52.476+05:30  WARN 1132 --- [student-Registration] [main] JpaBaseConfiguration$JpaWebConfiguration : spring.jpa.open-in-view is enabled by default. Therefore, database queries may be performed during view rendering. Explicitly configure spring.jpa.open-in-view to disable this warning
2026-07-25T11:43:52.555+05:30  WARN 1132 --- [student-Registration] [main] .s.s.UserDetailsServiceAutoConfiguration : 

Using generated security password: 9224544b-f592-4bbc-a23e-cbbba1744851

This generated password is for development use only. Your security configuration must be updated before running your application in production.

2026-07-25T11:43:52.595+05:30  INFO 1132 --- [student-Registration] [main] r$InitializeUserDetailsManagerConfigurer : Global AuthenticationManager configured with UserDetailsService bean with name inMemoryUserDetailsManager
2026-07-25T11:43:53.528+05:30  INFO 1132 --- [student-Registration] [main] o.s.m.s.b.SimpleBrokerMessageHandler     : Starting...
2026-07-25T11:43:53.528+05:30  INFO 1132 --- [student-Registration] [main] o.s.m.s.b.SimpleBrokerMessageHandler     : BrokerAvailabilityEvent[available=true, SimpleBrokerMessageHandler [org.springframework.messaging.simp.broker.DefaultSubscriptionRegistry@40889699]]
2026-07-25T11:43:53.529+05:30  INFO 1132 --- [student-Registration] [main] o.s.m.s.b.SimpleBrokerMessageHandler     : Started.
2026-07-25T11:43:53.535+05:30  INFO 1132 --- [student-Registration] [main] .s.r.StudentRegistrationApplicationTests : Started StudentRegistrationApplicationTests in 6.407 seconds (process running for 7.092)
2026-07-25T11:43:53.859+05:30  INFO 1132 --- [student-Registration] [SpringApplicationShutdownHook] o.s.m.s.b.SimpleBrokerMessageHandler     : Stopping...
2026-07-25T11:43:53.860+05:30  INFO 1132 --- [student-Registration] [SpringApplicationShutdownHook] o.s.m.s.b.SimpleBrokerMessageHandler     : BrokerAvailabilityEvent[available=false, SimpleBrokerMessageHandler [org.springframework.messaging.simp.broker.DefaultSubscriptionRegistry@40889699]]
2026-07-25T11:43:53.860+05:30  INFO 1132 --- [student-Registration] [SpringApplicationShutdownHook] o.s.m.s.b.SimpleBrokerMessageHandler     : Stopped.
2026-07-25T11:43:53.868+05:30  INFO 1132 --- [student-Registration] [SpringApplicationShutdownHook] j.LocalContainerEntityManagerFactoryBean : Closing JPA EntityManagerFactory for persistence unit 'default'
2026-07-25T11:43:53.870+05:30  INFO 1132 --- [student-Registration] [SpringApplicationShutdownHook] com.zaxxer.hikari.HikariDataSource       : SPRMS-HikariPool - Shutdown initiated...
2026-07-25T11:43:53.876+05:30  INFO 1132 --- [student-Registration] [SpringApplicationShutdownHook] com.zaxxer.hikari.HikariDataSource       : SPRMS-HikariPool - Shutdown completed.
2026-07-25T11:43:56.526+05:30  INFO 16096 --- [student-Registration] [http-nio-8081-exec-2] o.a.c.c.C.[Tomcat-6].[localhost].[/]     : Initializing Spring DispatcherServlet 'dispatcherServlet'
2026-07-25T11:43:56.526+05:30  INFO 16096 --- [student-Registration] [http-nio-8081-exec-2] o.s.web.servlet.DispatcherServlet        : Initializing Servlet 'dispatcherServlet'
2026-07-25T11:43:56.528+05:30  INFO 16096 --- [student-Registration] [http-nio-8081-exec-2] o.s.web.servlet.DispatcherServlet        : Completed initialization in 2 ms
2026-07-25T11:43:56.531+05:30  INFO 16096 --- [student-Registration] [http-nio-8081-exec-2] s.r.c.ScholarshipResgistrationController : @@@Calling the manual CID entry DCRC info  frm...................
2026-07-25T11:44:26.909+05:30  INFO 16096 --- [student-Registration] [File Watcher] rtingClassPathChangeChangedEventListener : Restarting due to 132 class path changes (0 additions, 129 deletions, 3 modifications)
2026-07-25T11:44:26.910+05:30  INFO 16096 --- [student-Registration] [Thread-42] o.s.m.s.b.SimpleBrokerMessageHandler     : Stopping...
2026-07-25T11:44:26.910+05:30  INFO 16096 --- [student-Registration] [Thread-42] o.s.m.s.b.SimpleBrokerMessageHandler     : BrokerAvailabilityEvent[available=false, SimpleBrokerMessageHandler [org.springframework.messaging.simp.broker.DefaultSubscriptionRegistry@6e66e8ea]]
2026-07-25T11:44:26.910+05:30  INFO 16096 --- [student-Registration] [Thread-42] o.s.m.s.b.SimpleBrokerMessageHandler     : Stopped.
2026-07-25T11:44:27.096+05:30  INFO 16096 --- [student-Registration] [Thread-42] j.LocalContainerEntityManagerFactoryBean : Closing JPA EntityManagerFactory for persistence unit 'default'
2026-07-25T11:44:27.096+05:30  INFO 16096 --- [student-Registration] [Thread-42] com.zaxxer.hikari.HikariDataSource       : SPRMS-HikariPool - Shutdown initiated...
2026-07-25T11:44:27.099+05:30  INFO 16096 --- [student-Registration] [Thread-42] com.zaxxer.hikari.HikariDataSource       : SPRMS-HikariPool - Shutdown completed.
2026-07-25T11:44:27.170+05:30  INFO 16096 --- [student-Registration] [restartedMain] c.s.r.StudentRegistrationApplication     : Starting StudentRegistrationApplication using Java 17.0.3 with PID 16096 (D:\RCSC_SPRMS\SPRMS MAIN\SPRMS_STUDENT_REGISTRATION\target\classes started by eCMS in D:\RCSC_SPRMS\SPRMS MAIN\SPRMS_STUDENT_REGISTRATION)
2026-07-25T11:44:27.170+05:30  INFO 16096 --- [student-Registration] [restartedMain] c.s.r.StudentRegistrationApplication     : The following 1 profile is active: "prod"
2026-07-25T11:44:27.267+05:30  INFO 16096 --- [student-Registration] [restartedMain] .s.d.r.c.RepositoryConfigurationDelegate : Bootstrapping Spring Data JPA repositories in DEFAULT mode.
2026-07-25T11:44:27.269+05:30  INFO 16096 --- [student-Registration] [restartedMain] .s.d.r.c.RepositoryConfigurationDelegate : Finished Spring Data repository scanning in 1 ms. Found 0 JPA repository interfaces.
2026-07-25T11:44:27.420+05:30  INFO 16096 --- [student-Registration] [restartedMain] o.s.b.w.embedded.tomcat.TomcatWebServer  : Tomcat initialized with port 8081 (http)
2026-07-25T11:44:27.421+05:30  INFO 16096 --- [student-Registration] [restartedMain] o.apache.catalina.core.StandardService   : Starting service [Tomcat]
2026-07-25T11:44:27.421+05:30  INFO 16096 --- [student-Registration] [restartedMain] o.apache.catalina.core.StandardEngine    : Starting Servlet engine: [Apache Tomcat/10.1.31]
2026-07-25T11:44:27.433+05:30  INFO 16096 --- [student-Registration] [restartedMain] o.a.c.c.C.[Tomcat-6].[localhost].[/]     : Initializing Spring embedded WebApplicationContext
2026-07-25T11:44:27.433+05:30  INFO 16096 --- [student-Registration] [restartedMain] w.s.c.ServletWebServerApplicationContext : Root WebApplicationContext: initialization completed in 262 ms
2026-07-25T11:44:27.522+05:30  INFO 16096 --- [student-Registration] [restartedMain] o.hibernate.jpa.internal.util.LogHelper  : HHH000204: Processing PersistenceUnitInfo [name: default]
2026-07-25T11:44:27.524+05:30  INFO 16096 --- [student-Registration] [restartedMain] o.h.c.internal.RegionFactoryInitiator    : HHH000026: Second-level cache disabled
2026-07-25T11:44:27.528+05:30  INFO 16096 --- [student-Registration] [restartedMain] o.s.o.j.p.SpringPersistenceUnitInfo      : No LoadTimeWeaver setup: ignoring JPA class transformer
2026-07-25T11:44:27.529+05:30  INFO 16096 --- [student-Registration] [restartedMain] com.zaxxer.hikari.HikariDataSource       : SPRMS-HikariPool - Starting...
2026-07-25T11:44:27.538+05:30  INFO 16096 --- [student-Registration] [restartedMain] com.zaxxer.hikari.pool.HikariPool        : SPRMS-HikariPool - Added connection com.mysql.cj.jdbc.ConnectionImpl@46a5e7a7
2026-07-25T11:44:27.538+05:30  INFO 16096 --- [student-Registration] [restartedMain] com.zaxxer.hikari.HikariDataSource       : SPRMS-HikariPool - Start completed.
2026-07-25T11:44:27.550+05:30  INFO 16096 --- [student-Registration] [restartedMain] o.h.e.t.j.p.i.JtaPlatformInitiator       : HHH000489: No JTA platform available (set 'hibernate.transaction.jta.platform' to enable JTA platform integration)
2026-07-25T11:44:27.550+05:30  INFO 16096 --- [student-Registration] [restartedMain] j.LocalContainerEntityManagerFactoryBean : Initialized JPA EntityManagerFactory for persistence unit 'default'
2026-07-25T11:44:27.680+05:30  WARN 16096 --- [student-Registration] [restartedMain] JpaBaseConfiguration$JpaWebConfiguration : spring.jpa.open-in-view is enabled by default. Therefore, database queries may be performed during view rendering. Explicitly configure spring.jpa.open-in-view to disable this warning
2026-07-25T11:44:27.954+05:30  WARN 16096 --- [student-Registration] [restartedMain] ConfigServletWebServerApplicationContext : Exception encountered during context initialization - cancelling refresh attempt: org.springframework.beans.factory.UnsatisfiedDependencyException: Error creating bean with name 'retryRegistry' defined in class path resource [io/github/resilience4j/springboot3/retry/autoconfigure/RetryConfigurationOnMissingBean.class]: Unsatisfied dependency expressed through method 'retryRegistry' parameter 0: Error creating bean with name 'resilience4j.retry-io.github.resilience4j.springboot3.retry.autoconfigure.RetryProperties': Could not bind properties to 'RetryProperties' : prefix=resilience4j.retry, ignoreInvalidFields=false, ignoreUnknownFields=true
2026-07-25T11:44:27.954+05:30  INFO 16096 --- [student-Registration] [restartedMain] j.LocalContainerEntityManagerFactoryBean : Closing JPA EntityManagerFactory for persistence unit 'default'
2026-07-25T11:44:27.954+05:30  INFO 16096 --- [student-Registration] [restartedMain] com.zaxxer.hikari.HikariDataSource       : SPRMS-HikariPool - Shutdown initiated...
2026-07-25T11:44:27.958+05:30  INFO 16096 --- [student-Registration] [restartedMain] com.zaxxer.hikari.HikariDataSource       : SPRMS-HikariPool - Shutdown completed.
2026-07-25T11:44:27.959+05:30  INFO 16096 --- [student-Registration] [restartedMain] o.apache.catalina.core.StandardService   : Stopping service [Tomcat]
2026-07-25T11:44:27.963+05:30  INFO 16096 --- [student-Registration] [restartedMain] .s.b.a.l.ConditionEvaluationReportLogger : 

Error starting ApplicationContext. To display the condition evaluation report re-run your application with 'debug' enabled.
2026-07-25T11:44:27.965+05:30 ERROR 16096 --- [student-Registration] [restartedMain] o.s.b.d.LoggingFailureAnalysisReporter   : 

***************************
APPLICATION FAILED TO START
***************************

Description:

Failed to bind properties under 'resilience4j.retry.instances.bcseaapi.ignore-exceptions' to java.lang.Class<java.lang.Throwable>[]:

    Property: resilience4j.retry.instances.bcseaapi.ignore-exceptions
    Value: "com.sprms.registration.exception.BcseaNoDataException,java.lang.IllegalArgumentException"
    Origin: class path resource [application-prod.properties] - 155:1
    Reason: failed to convert java.lang.String to java.lang.Class<java.lang.Throwable> (caused by java.lang.ClassNotFoundException: com.sprms.registration.exception.BcseaNoDataException)

Action:

Update your application's configuration

2026-07-25T11:44:30.228+05:30  INFO 16096 --- [student-Registration] [restartedMain] c.s.r.StudentRegistrationApplication     : Starting StudentRegistrationApplication using Java 17.0.3 with PID 16096 (D:\RCSC_SPRMS\SPRMS MAIN\SPRMS_STUDENT_REGISTRATION\target\classes started by eCMS in D:\RCSC_SPRMS\SPRMS MAIN\SPRMS_STUDENT_REGISTRATION)
2026-07-25T11:44:30.228+05:30  INFO 16096 --- [student-Registration] [restartedMain] c.s.r.StudentRegistrationApplication     : The following 1 profile is active: "prod"
2026-07-25T11:44:30.911+05:30  INFO 16096 --- [student-Registration] [restartedMain] .s.d.r.c.RepositoryConfigurationDelegate : Bootstrapping Spring Data JPA repositories in DEFAULT mode.
2026-07-25T11:44:30.927+05:30  INFO 16096 --- [student-Registration] [restartedMain] .s.d.r.c.RepositoryConfigurationDelegate : Finished Spring Data repository scanning in 15 ms. Found 9 JPA repository interfaces.
2026-07-25T11:44:31.054+05:30  INFO 16096 --- [student-Registration] [restartedMain] o.s.b.w.embedded.tomcat.TomcatWebServer  : Tomcat initialized with port 8081 (http)
2026-07-25T11:44:31.054+05:30  INFO 16096 --- [student-Registration] [restartedMain] o.apache.catalina.core.StandardService   : Starting service [Tomcat]
2026-07-25T11:44:31.054+05:30  INFO 16096 --- [student-Registration] [restartedMain] o.apache.catalina.core.StandardEngine    : Starting Servlet engine: [Apache Tomcat/10.1.31]
2026-07-25T11:44:31.066+05:30  INFO 16096 --- [student-Registration] [restartedMain] o.a.c.c.C.[Tomcat-7].[localhost].[/]     : Initializing Spring embedded WebApplicationContext
2026-07-25T11:44:31.066+05:30  INFO 16096 --- [student-Registration] [restartedMain] w.s.c.ServletWebServerApplicationContext : Root WebApplicationContext: initialization completed in 837 ms
2026-07-25T11:44:31.136+05:30  INFO 16096 --- [student-Registration] [restartedMain] o.hibernate.jpa.internal.util.LogHelper  : HHH000204: Processing PersistenceUnitInfo [name: default]
2026-07-25T11:44:31.137+05:30  INFO 16096 --- [student-Registration] [restartedMain] o.h.c.internal.RegionFactoryInitiator    : HHH000026: Second-level cache disabled
2026-07-25T11:44:31.141+05:30  INFO 16096 --- [student-Registration] [restartedMain] o.s.o.j.p.SpringPersistenceUnitInfo      : No LoadTimeWeaver setup: ignoring JPA class transformer
2026-07-25T11:44:31.141+05:30  INFO 16096 --- [student-Registration] [restartedMain] com.zaxxer.hikari.HikariDataSource       : SPRMS-HikariPool - Starting...
2026-07-25T11:44:31.152+05:30  INFO 16096 --- [student-Registration] [restartedMain] com.zaxxer.hikari.pool.HikariPool        : SPRMS-HikariPool - Added connection com.mysql.cj.jdbc.ConnectionImpl@2b35ecf9
2026-07-25T11:44:31.152+05:30  INFO 16096 --- [student-Registration] [restartedMain] com.zaxxer.hikari.HikariDataSource       : SPRMS-HikariPool - Start completed.
2026-07-25T11:44:31.215+05:30  INFO 16096 --- [student-Registration] [restartedMain] o.h.e.t.j.p.i.JtaPlatformInitiator       : HHH000489: No JTA platform available (set 'hibernate.transaction.jta.platform' to enable JTA platform integration)
2026-07-25T11:44:31.217+05:30  INFO 16096 --- [student-Registration] [restartedMain] org.hibernate.orm.connections.access     : HHH10001501: Connection obtained from JdbcConnectionAccess [org.hibernate.engine.jdbc.env.internal.JdbcEnvironmentInitiator$ConnectionProviderJdbcConnectionAccess@700a1ffd] for (non-JTA) DDL execution was not in auto-commit mode; the Connection 'local transaction' will be committed and the Connection will be set into auto-commit mode.
2026-07-25T11:44:31.251+05:30  INFO 16096 --- [student-Registration] [restartedMain] j.LocalContainerEntityManagerFactoryBean : Initialized JPA EntityManagerFactory for persistence unit 'default'
2026-07-25T11:44:31.498+05:30  INFO 26996 --- [student-Registration] [main] .s.r.StudentRegistrationApplicationTests : Starting StudentRegistrationApplicationTests using Java 17 with PID 26996 (started by eCMS in D:\RCSC_SPRMS\SPRMS MAIN\SPRMS_STUDENT_REGISTRATION)
2026-07-25T11:44:31.500+05:30  INFO 26996 --- [student-Registration] [main] .s.r.StudentRegistrationApplicationTests : The following 1 profile is active: "prod"
2026-07-25T11:44:31.572+05:30  INFO 16096 --- [student-Registration] [restartedMain] c.s.r.config.Resilience4jConfig          : Retry listener registered for bcseaApi
2026-07-25T11:44:31.684+05:30  WARN 16096 --- [student-Registration] [restartedMain] JpaBaseConfiguration$JpaWebConfiguration : spring.jpa.open-in-view is enabled by default. Therefore, database queries may be performed during view rendering. Explicitly configure spring.jpa.open-in-view to disable this warning
2026-07-25T11:44:31.717+05:30  WARN 16096 --- [student-Registration] [restartedMain] .s.s.UserDetailsServiceAutoConfiguration : 

Using generated security password: 8647a663-bd87-41a5-86a2-0196080ecc91

This generated password is for development use only. Your security configuration must be updated before running your application in production.

2026-07-25T11:44:31.718+05:30  INFO 16096 --- [student-Registration] [restartedMain] r$InitializeUserDetailsManagerConfigurer : Global AuthenticationManager configured with UserDetailsService bean with name inMemoryUserDetailsManager
2026-07-25T11:44:32.202+05:30  INFO 16096 --- [student-Registration] [restartedMain] o.s.b.d.a.OptionalLiveReloadServer       : LiveReload server is running on port 35729
2026-07-25T11:44:32.214+05:30  INFO 16096 --- [student-Registration] [restartedMain] o.s.b.w.embedded.tomcat.TomcatWebServer  : Tomcat started on port 8081 (http) with context path '/'
2026-07-25T11:44:32.215+05:30  INFO 16096 --- [student-Registration] [restartedMain] o.s.m.s.b.SimpleBrokerMessageHandler     : Starting...
2026-07-25T11:44:32.215+05:30  INFO 16096 --- [student-Registration] [restartedMain] o.s.m.s.b.SimpleBrokerMessageHandler     : BrokerAvailabilityEvent[available=true, SimpleBrokerMessageHandler [org.springframework.messaging.simp.broker.DefaultSubscriptionRegistry@77218fb1]]
2026-07-25T11:44:32.215+05:30  INFO 16096 --- [student-Registration] [restartedMain] o.s.m.s.b.SimpleBrokerMessageHandler     : Started.
2026-07-25T11:44:32.219+05:30  INFO 16096 --- [student-Registration] [restartedMain] c.s.r.StudentRegistrationApplication     : Started StudentRegistrationApplication in 2.005 seconds (process running for 780.137)
2026-07-25T11:44:32.220+05:30  INFO 16096 --- [student-Registration] [restartedMain] .ConditionEvaluationDeltaLoggingListener : Condition evaluation unchanged
2026-07-25T11:44:32.264+05:30  INFO 26996 --- [student-Registration] [main] .s.d.r.c.RepositoryConfigurationDelegate : Bootstrapping Spring Data JPA repositories in DEFAULT mode.
2026-07-25T11:44:32.383+05:30  INFO 26996 --- [student-Registration] [main] .s.d.r.c.RepositoryConfigurationDelegate : Finished Spring Data repository scanning in 112 ms. Found 9 JPA repository interfaces.
2026-07-25T11:44:33.233+05:30  INFO 26996 --- [student-Registration] [main] o.hibernate.jpa.internal.util.LogHelper  : HHH000204: Processing PersistenceUnitInfo [name: default]
2026-07-25T11:44:33.309+05:30  INFO 26996 --- [student-Registration] [main] org.hibernate.Version                    : HHH000412: Hibernate ORM core version 6.5.3.Final
2026-07-25T11:44:33.336+05:30  INFO 26996 --- [student-Registration] [main] o.h.c.internal.RegionFactoryInitiator    : HHH000026: Second-level cache disabled
2026-07-25T11:44:33.573+05:30  INFO 26996 --- [student-Registration] [main] o.s.o.j.p.SpringPersistenceUnitInfo      : No LoadTimeWeaver setup: ignoring JPA class transformer
2026-07-25T11:44:33.594+05:30  INFO 26996 --- [student-Registration] [main] com.zaxxer.hikari.HikariDataSource       : SPRMS-HikariPool - Starting...
2026-07-25T11:44:33.794+05:30  INFO 26996 --- [student-Registration] [main] com.zaxxer.hikari.pool.HikariPool        : SPRMS-HikariPool - Added connection com.mysql.cj.jdbc.ConnectionImpl@65930e02
2026-07-25T11:44:33.796+05:30  INFO 26996 --- [student-Registration] [main] com.zaxxer.hikari.HikariDataSource       : SPRMS-HikariPool - Start completed.
2026-07-25T11:44:34.543+05:30  INFO 26996 --- [student-Registration] [main] o.h.e.t.j.p.i.JtaPlatformInitiator       : HHH000489: No JTA platform available (set 'hibernate.transaction.jta.platform' to enable JTA platform integration)
2026-07-25T11:44:34.553+05:30  INFO 26996 --- [student-Registration] [main] org.hibernate.orm.connections.access     : HHH10001501: Connection obtained from JdbcConnectionAccess [org.hibernate.engine.jdbc.env.internal.JdbcEnvironmentInitiator$ConnectionProviderJdbcConnectionAccess@17adbecf] for (non-JTA) DDL execution was not in auto-commit mode; the Connection 'local transaction' will be committed and the Connection will be set into auto-commit mode.
2026-07-25T11:44:34.603+05:30  INFO 26996 --- [student-Registration] [main] j.LocalContainerEntityManagerFactoryBean : Initialized JPA EntityManagerFactory for persistence unit 'default'
2026-07-25T11:44:35.979+05:30  INFO 26996 --- [student-Registration] [main] c.s.r.config.Resilience4jConfig          : Retry listener registered for bcseaApi
2026-07-25T11:44:36.113+05:30  INFO 26996 --- [student-Registration] [main] o.s.d.j.r.query.QueryEnhancerFactory     : Hibernate is in classpath; If applicable, HQL parser will be used.
2026-07-25T11:44:36.666+05:30  WARN 26996 --- [student-Registration] [main] JpaBaseConfiguration$JpaWebConfiguration : spring.jpa.open-in-view is enabled by default. Therefore, database queries may be performed during view rendering. Explicitly configure spring.jpa.open-in-view to disable this warning
2026-07-25T11:44:36.740+05:30  WARN 26996 --- [student-Registration] [main] .s.s.UserDetailsServiceAutoConfiguration : 

Using generated security password: c6e10c81-94d3-4ce3-8c8b-a58200903782

This generated password is for development use only. Your security configuration must be updated before running your application in production.

2026-07-25T11:44:36.781+05:30  INFO 26996 --- [student-Registration] [main] r$InitializeUserDetailsManagerConfigurer : Global AuthenticationManager configured with UserDetailsService bean with name inMemoryUserDetailsManager
2026-07-25T11:44:37.778+05:30  INFO 26996 --- [student-Registration] [main] o.s.m.s.b.SimpleBrokerMessageHandler     : Starting...
2026-07-25T11:44:37.779+05:30  INFO 26996 --- [student-Registration] [main] o.s.m.s.b.SimpleBrokerMessageHandler     : BrokerAvailabilityEvent[available=true, SimpleBrokerMessageHandler [org.springframework.messaging.simp.broker.DefaultSubscriptionRegistry@45f854e9]]
2026-07-25T11:44:37.779+05:30  INFO 26996 --- [student-Registration] [main] o.s.m.s.b.SimpleBrokerMessageHandler     : Started.
2026-07-25T11:44:37.788+05:30  INFO 26996 --- [student-Registration] [main] .s.r.StudentRegistrationApplicationTests : Started StudentRegistrationApplicationTests in 6.511 seconds (process running for 7.198)
2026-07-25T11:44:38.105+05:30  INFO 26996 --- [student-Registration] [SpringApplicationShutdownHook] o.s.m.s.b.SimpleBrokerMessageHandler     : Stopping...
2026-07-25T11:44:38.105+05:30  INFO 26996 --- [student-Registration] [SpringApplicationShutdownHook] o.s.m.s.b.SimpleBrokerMessageHandler     : BrokerAvailabilityEvent[available=false, SimpleBrokerMessageHandler [org.springframework.messaging.simp.broker.DefaultSubscriptionRegistry@45f854e9]]
2026-07-25T11:44:38.105+05:30  INFO 26996 --- [student-Registration] [SpringApplicationShutdownHook] o.s.m.s.b.SimpleBrokerMessageHandler     : Stopped.
2026-07-25T11:44:38.112+05:30  INFO 26996 --- [student-Registration] [SpringApplicationShutdownHook] j.LocalContainerEntityManagerFactoryBean : Closing JPA EntityManagerFactory for persistence unit 'default'
2026-07-25T11:44:38.114+05:30  INFO 26996 --- [student-Registration] [SpringApplicationShutdownHook] com.zaxxer.hikari.HikariDataSource       : SPRMS-HikariPool - Shutdown initiated...
2026-07-25T11:44:38.121+05:30  INFO 26996 --- [student-Registration] [SpringApplicationShutdownHook] com.zaxxer.hikari.HikariDataSource       : SPRMS-HikariPool - Shutdown completed.
2026-07-25T11:44:46.552+05:30  INFO 16096 --- [student-Registration] [http-nio-8081-exec-1] o.a.c.c.C.[Tomcat-7].[localhost].[/]     : Initializing Spring DispatcherServlet 'dispatcherServlet'
2026-07-25T11:44:46.552+05:30  INFO 16096 --- [student-Registration] [http-nio-8081-exec-1] o.s.web.servlet.DispatcherServlet        : Initializing Servlet 'dispatcherServlet'
2026-07-25T11:44:46.553+05:30  INFO 16096 --- [student-Registration] [http-nio-8081-exec-1] o.s.web.servlet.DispatcherServlet        : Completed initialization in 1 ms
2026-07-25T11:44:46.555+05:30  INFO 16096 --- [student-Registration] [http-nio-8081-exec-1] s.r.c.ScholarshipResgistrationController : @@@Calling the manual CID entry DCRC info  frm...................
2026-07-25T11:44:48.163+05:30  INFO 16096 --- [student-Registration] [http-nio-8081-exec-1] s.r.c.ScholarshipResgistrationController : @@@Calling the manual CID entry DCRC info  frm...................
2026-07-25T11:45:10.148+05:30  INFO 16096 --- [student-Registration] [File Watcher] rtingClassPathChangeChangedEventListener : Restarting due to 132 class path changes (0 additions, 129 deletions, 3 modifications)
2026-07-25T11:45:10.149+05:30  INFO 16096 --- [student-Registration] [Thread-49] o.s.m.s.b.SimpleBrokerMessageHandler     : Stopping...
2026-07-25T11:45:10.149+05:30  INFO 16096 --- [student-Registration] [Thread-49] o.s.m.s.b.SimpleBrokerMessageHandler     : BrokerAvailabilityEvent[available=false, SimpleBrokerMessageHandler [org.springframework.messaging.simp.broker.DefaultSubscriptionRegistry@77218fb1]]
2026-07-25T11:45:10.149+05:30  INFO 16096 --- [student-Registration] [Thread-49] o.s.m.s.b.SimpleBrokerMessageHandler     : Stopped.
2026-07-25T11:45:10.317+05:30  INFO 16096 --- [student-Registration] [Thread-49] j.LocalContainerEntityManagerFactoryBean : Closing JPA EntityManagerFactory for persistence unit 'default'
2026-07-25T11:45:10.318+05:30  INFO 16096 --- [student-Registration] [Thread-49] com.zaxxer.hikari.HikariDataSource       : SPRMS-HikariPool - Shutdown initiated...
2026-07-25T11:45:10.323+05:30  INFO 16096 --- [student-Registration] [Thread-49] com.zaxxer.hikari.HikariDataSource       : SPRMS-HikariPool - Shutdown completed.
2026-07-25T11:45:10.408+05:30  INFO 16096 --- [student-Registration] [restartedMain] c.s.r.StudentRegistrationApplication     : Starting StudentRegistrationApplication using Java 17.0.3 with PID 16096 (D:\RCSC_SPRMS\SPRMS MAIN\SPRMS_STUDENT_REGISTRATION\target\classes started by eCMS in D:\RCSC_SPRMS\SPRMS MAIN\SPRMS_STUDENT_REGISTRATION)
2026-07-25T11:45:10.408+05:30  INFO 16096 --- [student-Registration] [restartedMain] c.s.r.StudentRegistrationApplication     : The following 1 profile is active: "prod"
2026-07-25T11:45:10.508+05:30  INFO 16096 --- [student-Registration] [restartedMain] .s.d.r.c.RepositoryConfigurationDelegate : Bootstrapping Spring Data JPA repositories in DEFAULT mode.
2026-07-25T11:45:10.508+05:30  INFO 16096 --- [student-Registration] [restartedMain] .s.d.r.c.RepositoryConfigurationDelegate : Finished Spring Data repository scanning in 0 ms. Found 0 JPA repository interfaces.
2026-07-25T11:45:10.660+05:30  INFO 16096 --- [student-Registration] [restartedMain] o.s.b.w.embedded.tomcat.TomcatWebServer  : Tomcat initialized with port 8081 (http)
2026-07-25T11:45:10.661+05:30  INFO 16096 --- [student-Registration] [restartedMain] o.apache.catalina.core.StandardService   : Starting service [Tomcat]
2026-07-25T11:45:10.661+05:30  INFO 16096 --- [student-Registration] [restartedMain] o.apache.catalina.core.StandardEngine    : Starting Servlet engine: [Apache Tomcat/10.1.31]
2026-07-25T11:45:10.677+05:30  INFO 16096 --- [student-Registration] [restartedMain] o.a.c.c.C.[Tomcat-7].[localhost].[/]     : Initializing Spring embedded WebApplicationContext
2026-07-25T11:45:10.677+05:30  INFO 16096 --- [student-Registration] [restartedMain] w.s.c.ServletWebServerApplicationContext : Root WebApplicationContext: initialization completed in 268 ms
2026-07-25T11:45:10.773+05:30  INFO 16096 --- [student-Registration] [restartedMain] o.hibernate.jpa.internal.util.LogHelper  : HHH000204: Processing PersistenceUnitInfo [name: default]
2026-07-25T11:45:10.775+05:30  INFO 16096 --- [student-Registration] [restartedMain] o.h.c.internal.RegionFactoryInitiator    : HHH000026: Second-level cache disabled
2026-07-25T11:45:10.778+05:30  INFO 16096 --- [student-Registration] [restartedMain] o.s.o.j.p.SpringPersistenceUnitInfo      : No LoadTimeWeaver setup: ignoring JPA class transformer
2026-07-25T11:45:10.779+05:30  INFO 16096 --- [student-Registration] [restartedMain] com.zaxxer.hikari.HikariDataSource       : SPRMS-HikariPool - Starting...
2026-07-25T11:45:10.789+05:30  INFO 16096 --- [student-Registration] [restartedMain] com.zaxxer.hikari.pool.HikariPool        : SPRMS-HikariPool - Added connection com.mysql.cj.jdbc.ConnectionImpl@3712cfeb
2026-07-25T11:45:10.789+05:30  INFO 16096 --- [student-Registration] [restartedMain] com.zaxxer.hikari.HikariDataSource       : SPRMS-HikariPool - Start completed.
2026-07-25T11:45:10.803+05:30  INFO 16096 --- [student-Registration] [restartedMain] o.h.e.t.j.p.i.JtaPlatformInitiator       : HHH000489: No JTA platform available (set 'hibernate.transaction.jta.platform' to enable JTA platform integration)
2026-07-25T11:45:10.803+05:30  INFO 16096 --- [student-Registration] [restartedMain] j.LocalContainerEntityManagerFactoryBean : Initialized JPA EntityManagerFactory for persistence unit 'default'
2026-07-25T11:45:10.922+05:30  WARN 16096 --- [student-Registration] [restartedMain] JpaBaseConfiguration$JpaWebConfiguration : spring.jpa.open-in-view is enabled by default. Therefore, database queries may be performed during view rendering. Explicitly configure spring.jpa.open-in-view to disable this warning
2026-07-25T11:45:11.208+05:30  WARN 16096 --- [student-Registration] [restartedMain] ConfigServletWebServerApplicationContext : Exception encountered during context initialization - cancelling refresh attempt: org.springframework.beans.factory.UnsatisfiedDependencyException: Error creating bean with name 'retryRegistry' defined in class path resource [io/github/resilience4j/springboot3/retry/autoconfigure/RetryConfigurationOnMissingBean.class]: Unsatisfied dependency expressed through method 'retryRegistry' parameter 0: Error creating bean with name 'resilience4j.retry-io.github.resilience4j.springboot3.retry.autoconfigure.RetryProperties': Could not bind properties to 'RetryProperties' : prefix=resilience4j.retry, ignoreInvalidFields=false, ignoreUnknownFields=true
2026-07-25T11:45:11.208+05:30  INFO 16096 --- [student-Registration] [restartedMain] j.LocalContainerEntityManagerFactoryBean : Closing JPA EntityManagerFactory for persistence unit 'default'
2026-07-25T11:45:11.209+05:30  INFO 16096 --- [student-Registration] [restartedMain] com.zaxxer.hikari.HikariDataSource       : SPRMS-HikariPool - Shutdown initiated...
2026-07-25T11:45:11.211+05:30  INFO 16096 --- [student-Registration] [restartedMain] com.zaxxer.hikari.HikariDataSource       : SPRMS-HikariPool - Shutdown completed.
2026-07-25T11:45:11.212+05:30  INFO 16096 --- [student-Registration] [restartedMain] o.apache.catalina.core.StandardService   : Stopping service [Tomcat]
2026-07-25T11:45:11.215+05:30  INFO 16096 --- [student-Registration] [restartedMain] .s.b.a.l.ConditionEvaluationReportLogger : 

Error starting ApplicationContext. To display the condition evaluation report re-run your application with 'debug' enabled.
2026-07-25T11:45:11.218+05:30 ERROR 16096 --- [student-Registration] [restartedMain] o.s.b.d.LoggingFailureAnalysisReporter   : 

***************************
APPLICATION FAILED TO START
***************************

Description:

Failed to bind properties under 'resilience4j.retry.instances.bcseaapi.ignore-exceptions' to java.lang.Class<java.lang.Throwable>[]:

    Property: resilience4j.retry.instances.bcseaapi.ignore-exceptions
    Value: "com.sprms.registration.exception.BcseaNoDataException,java.lang.IllegalArgumentException"
    Origin: class path resource [application-prod.properties] - 155:1
    Reason: failed to convert java.lang.String to java.lang.Class<java.lang.Throwable> (caused by java.lang.ClassNotFoundException: com.sprms.registration.exception.BcseaNoDataException)

Action:

Update your application's configuration

2026-07-25T11:45:13.901+05:30  INFO 16096 --- [student-Registration] [restartedMain] c.s.r.StudentRegistrationApplication     : Starting StudentRegistrationApplication using Java 17.0.3 with PID 16096 (D:\RCSC_SPRMS\SPRMS MAIN\SPRMS_STUDENT_REGISTRATION\target\classes started by eCMS in D:\RCSC_SPRMS\SPRMS MAIN\SPRMS_STUDENT_REGISTRATION)
2026-07-25T11:45:13.901+05:30  INFO 16096 --- [student-Registration] [restartedMain] c.s.r.StudentRegistrationApplication     : The following 1 profile is active: "prod"
2026-07-25T11:45:14.584+05:30  INFO 16096 --- [student-Registration] [restartedMain] .s.d.r.c.RepositoryConfigurationDelegate : Bootstrapping Spring Data JPA repositories in DEFAULT mode.
2026-07-25T11:45:14.615+05:30  INFO 16096 --- [student-Registration] [restartedMain] .s.d.r.c.RepositoryConfigurationDelegate : Finished Spring Data repository scanning in 29 ms. Found 9 JPA repository interfaces.
2026-07-25T11:45:14.876+05:30  INFO 16096 --- [student-Registration] [restartedMain] o.s.b.w.embedded.tomcat.TomcatWebServer  : Tomcat initialized with port 8081 (http)
2026-07-25T11:45:14.876+05:30  INFO 16096 --- [student-Registration] [restartedMain] o.apache.catalina.core.StandardService   : Starting service [Tomcat]
2026-07-25T11:45:14.877+05:30  INFO 16096 --- [student-Registration] [restartedMain] o.apache.catalina.core.StandardEngine    : Starting Servlet engine: [Apache Tomcat/10.1.31]
2026-07-25T11:45:14.878+05:30  INFO 20108 --- [student-Registration] [main] .s.r.StudentRegistrationApplicationTests : Starting StudentRegistrationApplicationTests using Java 17 with PID 20108 (started by eCMS in D:\RCSC_SPRMS\SPRMS MAIN\SPRMS_STUDENT_REGISTRATION)
2026-07-25T11:45:14.879+05:30  INFO 20108 --- [student-Registration] [main] .s.r.StudentRegistrationApplicationTests : The following 1 profile is active: "prod"
2026-07-25T11:45:14.898+05:30  INFO 16096 --- [student-Registration] [restartedMain] o.a.c.c.C.[Tomcat-8].[localhost].[/]     : Initializing Spring embedded WebApplicationContext
2026-07-25T11:45:14.898+05:30  INFO 16096 --- [student-Registration] [restartedMain] w.s.c.ServletWebServerApplicationContext : Root WebApplicationContext: initialization completed in 996 ms
2026-07-25T11:45:15.049+05:30  INFO 16096 --- [student-Registration] [restartedMain] o.hibernate.jpa.internal.util.LogHelper  : HHH000204: Processing PersistenceUnitInfo [name: default]
2026-07-25T11:45:15.051+05:30  INFO 16096 --- [student-Registration] [restartedMain] o.h.c.internal.RegionFactoryInitiator    : HHH000026: Second-level cache disabled
2026-07-25T11:45:15.058+05:30  INFO 16096 --- [student-Registration] [restartedMain] o.s.o.j.p.SpringPersistenceUnitInfo      : No LoadTimeWeaver setup: ignoring JPA class transformer
2026-07-25T11:45:15.059+05:30  INFO 16096 --- [student-Registration] [restartedMain] com.zaxxer.hikari.HikariDataSource       : SPRMS-HikariPool - Starting...
2026-07-25T11:45:15.071+05:30  INFO 16096 --- [student-Registration] [restartedMain] com.zaxxer.hikari.pool.HikariPool        : SPRMS-HikariPool - Added connection com.mysql.cj.jdbc.ConnectionImpl@32335388
2026-07-25T11:45:15.072+05:30  INFO 16096 --- [student-Registration] [restartedMain] com.zaxxer.hikari.HikariDataSource       : SPRMS-HikariPool - Start completed.
2026-07-25T11:45:15.183+05:30  INFO 16096 --- [student-Registration] [restartedMain] o.h.e.t.j.p.i.JtaPlatformInitiator       : HHH000489: No JTA platform available (set 'hibernate.transaction.jta.platform' to enable JTA platform integration)
2026-07-25T11:45:15.183+05:30  INFO 16096 --- [student-Registration] [restartedMain] org.hibernate.orm.connections.access     : HHH10001501: Connection obtained from JdbcConnectionAccess [org.hibernate.engine.jdbc.env.internal.JdbcEnvironmentInitiator$ConnectionProviderJdbcConnectionAccess@7b57548b] for (non-JTA) DDL execution was not in auto-commit mode; the Connection 'local transaction' will be committed and the Connection will be set into auto-commit mode.
2026-07-25T11:45:15.227+05:30  INFO 16096 --- [student-Registration] [restartedMain] j.LocalContainerEntityManagerFactoryBean : Initialized JPA EntityManagerFactory for persistence unit 'default'
2026-07-25T11:45:15.637+05:30  INFO 20108 --- [student-Registration] [main] .s.d.r.c.RepositoryConfigurationDelegate : Bootstrapping Spring Data JPA repositories in DEFAULT mode.
2026-07-25T11:45:15.728+05:30  INFO 16096 --- [student-Registration] [restartedMain] c.s.r.config.Resilience4jConfig          : Retry listener registered for bcseaApi
2026-07-25T11:45:15.779+05:30  INFO 20108 --- [student-Registration] [main] .s.d.r.c.RepositoryConfigurationDelegate : Finished Spring Data repository scanning in 134 ms. Found 9 JPA repository interfaces.
2026-07-25T11:45:15.908+05:30  WARN 16096 --- [student-Registration] [restartedMain] JpaBaseConfiguration$JpaWebConfiguration : spring.jpa.open-in-view is enabled by default. Therefore, database queries may be performed during view rendering. Explicitly configure spring.jpa.open-in-view to disable this warning
2026-07-25T11:45:15.951+05:30  WARN 16096 --- [student-Registration] [restartedMain] .s.s.UserDetailsServiceAutoConfiguration : 

Using generated security password: 062d9c78-9ae0-4f95-a2df-8617ef82f9ab

This generated password is for development use only. Your security configuration must be updated before running your application in production.

2026-07-25T11:45:15.956+05:30  INFO 16096 --- [student-Registration] [restartedMain] r$InitializeUserDetailsManagerConfigurer : Global AuthenticationManager configured with UserDetailsService bean with name inMemoryUserDetailsManager
2026-07-25T11:45:16.866+05:30  INFO 20108 --- [student-Registration] [main] o.hibernate.jpa.internal.util.LogHelper  : HHH000204: Processing PersistenceUnitInfo [name: default]
2026-07-25T11:45:16.913+05:30  INFO 16096 --- [student-Registration] [restartedMain] o.s.b.d.a.OptionalLiveReloadServer       : LiveReload server is running on port 35729
2026-07-25T11:45:16.926+05:30  INFO 20108 --- [student-Registration] [main] org.hibernate.Version                    : HHH000412: Hibernate ORM core version 6.5.3.Final
2026-07-25T11:45:16.935+05:30  INFO 16096 --- [student-Registration] [restartedMain] o.s.b.w.embedded.tomcat.TomcatWebServer  : Tomcat started on port 8081 (http) with context path '/'
2026-07-25T11:45:16.935+05:30  INFO 16096 --- [student-Registration] [restartedMain] o.s.m.s.b.SimpleBrokerMessageHandler     : Starting...
2026-07-25T11:45:16.935+05:30  INFO 16096 --- [student-Registration] [restartedMain] o.s.m.s.b.SimpleBrokerMessageHandler     : BrokerAvailabilityEvent[available=true, SimpleBrokerMessageHandler [org.springframework.messaging.simp.broker.DefaultSubscriptionRegistry@6653daba]]
2026-07-25T11:45:16.935+05:30  INFO 16096 --- [student-Registration] [restartedMain] o.s.m.s.b.SimpleBrokerMessageHandler     : Started.
2026-07-25T11:45:16.940+05:30  INFO 16096 --- [student-Registration] [restartedMain] c.s.r.StudentRegistrationApplication     : Started StudentRegistrationApplication in 3.059 seconds (process running for 824.859)
2026-07-25T11:45:16.942+05:30  INFO 16096 --- [student-Registration] [restartedMain] .ConditionEvaluationDeltaLoggingListener : Condition evaluation unchanged
2026-07-25T11:45:16.958+05:30  INFO 20108 --- [student-Registration] [main] o.h.c.internal.RegionFactoryInitiator    : HHH000026: Second-level cache disabled
2026-07-25T11:45:17.307+05:30  INFO 20108 --- [student-Registration] [main] o.s.o.j.p.SpringPersistenceUnitInfo      : No LoadTimeWeaver setup: ignoring JPA class transformer
2026-07-25T11:45:17.330+05:30  INFO 20108 --- [student-Registration] [main] com.zaxxer.hikari.HikariDataSource       : SPRMS-HikariPool - Starting...
2026-07-25T11:45:17.597+05:30  INFO 20108 --- [student-Registration] [main] com.zaxxer.hikari.pool.HikariPool        : SPRMS-HikariPool - Added connection com.mysql.cj.jdbc.ConnectionImpl@4fbc516f
2026-07-25T11:45:17.599+05:30  INFO 20108 --- [student-Registration] [main] com.zaxxer.hikari.HikariDataSource       : SPRMS-HikariPool - Start completed.
2026-07-25T11:45:18.553+05:30  INFO 20108 --- [student-Registration] [main] o.h.e.t.j.p.i.JtaPlatformInitiator       : HHH000489: No JTA platform available (set 'hibernate.transaction.jta.platform' to enable JTA platform integration)
2026-07-25T11:45:18.566+05:30  INFO 20108 --- [student-Registration] [main] org.hibernate.orm.connections.access     : HHH10001501: Connection obtained from JdbcConnectionAccess [org.hibernate.engine.jdbc.env.internal.JdbcEnvironmentInitiator$ConnectionProviderJdbcConnectionAccess@3304362e] for (non-JTA) DDL execution was not in auto-commit mode; the Connection 'local transaction' will be committed and the Connection will be set into auto-commit mode.
2026-07-25T11:45:18.625+05:30  INFO 20108 --- [student-Registration] [main] j.LocalContainerEntityManagerFactoryBean : Initialized JPA EntityManagerFactory for persistence unit 'default'
2026-07-25T11:45:20.475+05:30  INFO 20108 --- [student-Registration] [main] c.s.r.config.Resilience4jConfig          : Retry listener registered for bcseaApi
2026-07-25T11:45:20.666+05:30  INFO 20108 --- [student-Registration] [main] o.s.d.j.r.query.QueryEnhancerFactory     : Hibernate is in classpath; If applicable, HQL parser will be used.
2026-07-25T11:45:21.163+05:30  WARN 20108 --- [student-Registration] [main] JpaBaseConfiguration$JpaWebConfiguration : spring.jpa.open-in-view is enabled by default. Therefore, database queries may be performed during view rendering. Explicitly configure spring.jpa.open-in-view to disable this warning
2026-07-25T11:45:21.255+05:30  WARN 20108 --- [student-Registration] [main] .s.s.UserDetailsServiceAutoConfiguration : 

Using generated security password: 64d9fdde-c156-4cc0-90ac-00313540afd7

This generated password is for development use only. Your security configuration must be updated before running your application in production.

2026-07-25T11:45:21.309+05:30  INFO 20108 --- [student-Registration] [main] r$InitializeUserDetailsManagerConfigurer : Global AuthenticationManager configured with UserDetailsService bean with name inMemoryUserDetailsManager
2026-07-25T11:45:22.462+05:30  INFO 20108 --- [student-Registration] [main] o.s.m.s.b.SimpleBrokerMessageHandler     : Starting...
2026-07-25T11:45:22.463+05:30  INFO 20108 --- [student-Registration] [main] o.s.m.s.b.SimpleBrokerMessageHandler     : BrokerAvailabilityEvent[available=true, SimpleBrokerMessageHandler [org.springframework.messaging.simp.broker.DefaultSubscriptionRegistry@952883c]]
2026-07-25T11:45:22.464+05:30  INFO 20108 --- [student-Registration] [main] o.s.m.s.b.SimpleBrokerMessageHandler     : Started.
2026-07-25T11:45:22.471+05:30  INFO 20108 --- [student-Registration] [main] .s.r.StudentRegistrationApplicationTests : Started StudentRegistrationApplicationTests in 7.816 seconds (process running for 8.531)
2026-07-25T11:45:22.841+05:30  INFO 20108 --- [student-Registration] [SpringApplicationShutdownHook] o.s.m.s.b.SimpleBrokerMessageHandler     : Stopping...
2026-07-25T11:45:22.841+05:30  INFO 20108 --- [student-Registration] [SpringApplicationShutdownHook] o.s.m.s.b.SimpleBrokerMessageHandler     : BrokerAvailabilityEvent[available=false, SimpleBrokerMessageHandler [org.springframework.messaging.simp.broker.DefaultSubscriptionRegistry@952883c]]
2026-07-25T11:45:22.841+05:30  INFO 20108 --- [student-Registration] [SpringApplicationShutdownHook] o.s.m.s.b.SimpleBrokerMessageHandler     : Stopped.
2026-07-25T11:45:22.851+05:30  INFO 20108 --- [student-Registration] [SpringApplicationShutdownHook] j.LocalContainerEntityManagerFactoryBean : Closing JPA EntityManagerFactory for persistence unit 'default'
2026-07-25T11:45:22.853+05:30  INFO 20108 --- [student-Registration] [SpringApplicationShutdownHook] com.zaxxer.hikari.HikariDataSource       : SPRMS-HikariPool - Shutdown initiated...
2026-07-25T11:45:22.862+05:30  INFO 20108 --- [student-Registration] [SpringApplicationShutdownHook] com.zaxxer.hikari.HikariDataSource       : SPRMS-HikariPool - Shutdown completed.
2026-07-25T11:45:44.815+05:30  INFO 16096 --- [student-Registration] [http-nio-8081-exec-1] o.a.c.c.C.[Tomcat-8].[localhost].[/]     : Initializing Spring DispatcherServlet 'dispatcherServlet'
2026-07-25T11:45:44.815+05:30  INFO 16096 --- [student-Registration] [http-nio-8081-exec-1] o.s.web.servlet.DispatcherServlet        : Initializing Servlet 'dispatcherServlet'
2026-07-25T11:45:44.818+05:30  INFO 16096 --- [student-Registration] [http-nio-8081-exec-1] o.s.web.servlet.DispatcherServlet        : Completed initialization in 3 ms
2026-07-25T11:45:44.820+05:30  INFO 16096 --- [student-Registration] [http-nio-8081-exec-1] s.r.c.ScholarshipResgistrationController : @@@Calling the manual CID entry DCRC info  frm...................
2026-07-25T11:46:16.939+05:30  INFO 16096 --- [student-Registration] [MessageBroker-1] o.s.w.s.c.WebSocketMessageBrokerStats    : WebSocketSession[0 current WS(0)-HttpStream(0)-HttpPoll(0), 0 total, 0 closed abnormally (0 connect failure, 0 send limit, 0 transport error)], stompSubProtocol[processed CONNECT(0)-CONNECTED(0)-DISCONNECT(0)], stompBrokerRelay[null], inboundChannel[pool size = 0, active threads = 0, queued tasks = 0, completed tasks = 0], outboundChannel[pool size = 0, active threads = 0, queued tasks = 0, completed tasks = 0], sockJsScheduler[pool size = 1, active threads = 1, queued tasks = 0, completed tasks = 0]
2026-07-25T11:46:34.494+05:30  INFO 16096 --- [student-Registration] [File Watcher] rtingClassPathChangeChangedEventListener : Restarting due to 132 class path changes (0 additions, 129 deletions, 3 modifications)
2026-07-25T11:46:34.495+05:30  INFO 16096 --- [student-Registration] [Thread-56] o.s.m.s.b.SimpleBrokerMessageHandler     : Stopping...
2026-07-25T11:46:34.495+05:30  INFO 16096 --- [student-Registration] [Thread-56] o.s.m.s.b.SimpleBrokerMessageHandler     : BrokerAvailabilityEvent[available=false, SimpleBrokerMessageHandler [org.springframework.messaging.simp.broker.DefaultSubscriptionRegistry@6653daba]]
2026-07-25T11:46:34.495+05:30  INFO 16096 --- [student-Registration] [Thread-56] o.s.m.s.b.SimpleBrokerMessageHandler     : Stopped.
2026-07-25T11:46:34.694+05:30  INFO 16096 --- [student-Registration] [Thread-56] j.LocalContainerEntityManagerFactoryBean : Closing JPA EntityManagerFactory for persistence unit 'default'
2026-07-25T11:46:34.695+05:30  INFO 16096 --- [student-Registration] [Thread-56] com.zaxxer.hikari.HikariDataSource       : SPRMS-HikariPool - Shutdown initiated...
2026-07-25T11:46:34.698+05:30  INFO 16096 --- [student-Registration] [Thread-56] com.zaxxer.hikari.HikariDataSource       : SPRMS-HikariPool - Shutdown completed.
2026-07-25T11:46:34.765+05:30  INFO 16096 --- [student-Registration] [restartedMain] c.s.r.StudentRegistrationApplication     : Starting StudentRegistrationApplication using Java 17.0.3 with PID 16096 (D:\RCSC_SPRMS\SPRMS MAIN\SPRMS_STUDENT_REGISTRATION\target\classes started by eCMS in D:\RCSC_SPRMS\SPRMS MAIN\SPRMS_STUDENT_REGISTRATION)
2026-07-25T11:46:34.765+05:30  INFO 16096 --- [student-Registration] [restartedMain] c.s.r.StudentRegistrationApplication     : The following 1 profile is active: "prod"
2026-07-25T11:46:34.850+05:30  INFO 16096 --- [student-Registration] [restartedMain] .s.d.r.c.RepositoryConfigurationDelegate : Bootstrapping Spring Data JPA repositories in DEFAULT mode.
2026-07-25T11:46:34.851+05:30  INFO 16096 --- [student-Registration] [restartedMain] .s.d.r.c.RepositoryConfigurationDelegate : Finished Spring Data repository scanning in 0 ms. Found 0 JPA repository interfaces.
2026-07-25T11:46:35.000+05:30  INFO 16096 --- [student-Registration] [restartedMain] o.s.b.w.embedded.tomcat.TomcatWebServer  : Tomcat initialized with port 8081 (http)
2026-07-25T11:46:35.001+05:30  INFO 16096 --- [student-Registration] [restartedMain] o.apache.catalina.core.StandardService   : Starting service [Tomcat]
2026-07-25T11:46:35.001+05:30  INFO 16096 --- [student-Registration] [restartedMain] o.apache.catalina.core.StandardEngine    : Starting Servlet engine: [Apache Tomcat/10.1.31]
2026-07-25T11:46:35.023+05:30  INFO 16096 --- [student-Registration] [restartedMain] o.a.c.c.C.[Tomcat-8].[localhost].[/]     : Initializing Spring embedded WebApplicationContext
2026-07-25T11:46:35.023+05:30  INFO 16096 --- [student-Registration] [restartedMain] w.s.c.ServletWebServerApplicationContext : Root WebApplicationContext: initialization completed in 258 ms
2026-07-25T11:46:35.110+05:30  INFO 16096 --- [student-Registration] [restartedMain] o.hibernate.jpa.internal.util.LogHelper  : HHH000204: Processing PersistenceUnitInfo [name: default]
2026-07-25T11:46:35.112+05:30  INFO 16096 --- [student-Registration] [restartedMain] o.h.c.internal.RegionFactoryInitiator    : HHH000026: Second-level cache disabled
2026-07-25T11:46:35.116+05:30  INFO 16096 --- [student-Registration] [restartedMain] o.s.o.j.p.SpringPersistenceUnitInfo      : No LoadTimeWeaver setup: ignoring JPA class transformer
2026-07-25T11:46:35.117+05:30  INFO 16096 --- [student-Registration] [restartedMain] com.zaxxer.hikari.HikariDataSource       : SPRMS-HikariPool - Starting...
2026-07-25T11:46:35.127+05:30  INFO 16096 --- [student-Registration] [restartedMain] com.zaxxer.hikari.pool.HikariPool        : SPRMS-HikariPool - Added connection com.mysql.cj.jdbc.ConnectionImpl@6728d8
2026-07-25T11:46:35.127+05:30  INFO 16096 --- [student-Registration] [restartedMain] com.zaxxer.hikari.HikariDataSource       : SPRMS-HikariPool - Start completed.
2026-07-25T11:46:35.139+05:30  INFO 16096 --- [student-Registration] [restartedMain] o.h.e.t.j.p.i.JtaPlatformInitiator       : HHH000489: No JTA platform available (set 'hibernate.transaction.jta.platform' to enable JTA platform integration)
2026-07-25T11:46:35.139+05:30  INFO 16096 --- [student-Registration] [restartedMain] j.LocalContainerEntityManagerFactoryBean : Initialized JPA EntityManagerFactory for persistence unit 'default'
2026-07-25T11:46:35.255+05:30  WARN 16096 --- [student-Registration] [restartedMain] JpaBaseConfiguration$JpaWebConfiguration : spring.jpa.open-in-view is enabled by default. Therefore, database queries may be performed during view rendering. Explicitly configure spring.jpa.open-in-view to disable this warning
2026-07-25T11:46:35.527+05:30  WARN 16096 --- [student-Registration] [restartedMain] ConfigServletWebServerApplicationContext : Exception encountered during context initialization - cancelling refresh attempt: org.springframework.beans.factory.UnsatisfiedDependencyException: Error creating bean with name 'retryRegistry' defined in class path resource [io/github/resilience4j/springboot3/retry/autoconfigure/RetryConfigurationOnMissingBean.class]: Unsatisfied dependency expressed through method 'retryRegistry' parameter 0: Error creating bean with name 'resilience4j.retry-io.github.resilience4j.springboot3.retry.autoconfigure.RetryProperties': Could not bind properties to 'RetryProperties' : prefix=resilience4j.retry, ignoreInvalidFields=false, ignoreUnknownFields=true
2026-07-25T11:46:35.527+05:30  INFO 16096 --- [student-Registration] [restartedMain] j.LocalContainerEntityManagerFactoryBean : Closing JPA EntityManagerFactory for persistence unit 'default'
2026-07-25T11:46:35.528+05:30  INFO 16096 --- [student-Registration] [restartedMain] com.zaxxer.hikari.HikariDataSource       : SPRMS-HikariPool - Shutdown initiated...
2026-07-25T11:46:35.532+05:30  INFO 16096 --- [student-Registration] [restartedMain] com.zaxxer.hikari.HikariDataSource       : SPRMS-HikariPool - Shutdown completed.
2026-07-25T11:46:35.532+05:30  INFO 16096 --- [student-Registration] [restartedMain] o.apache.catalina.core.StandardService   : Stopping service [Tomcat]
2026-07-25T11:46:35.536+05:30  INFO 16096 --- [student-Registration] [restartedMain] .s.b.a.l.ConditionEvaluationReportLogger : 

Error starting ApplicationContext. To display the condition evaluation report re-run your application with 'debug' enabled.
2026-07-25T11:46:35.537+05:30 ERROR 16096 --- [student-Registration] [restartedMain] o.s.b.d.LoggingFailureAnalysisReporter   : 

***************************
APPLICATION FAILED TO START
***************************

Description:

Failed to bind properties under 'resilience4j.retry.instances.bcseaapi.ignore-exceptions' to java.lang.Class<java.lang.Throwable>[]:

    Property: resilience4j.retry.instances.bcseaapi.ignore-exceptions
    Value: "com.sprms.registration.exception.BcseaNoDataException,java.lang.IllegalArgumentException"
    Origin: class path resource [application-prod.properties] - 155:1
    Reason: failed to convert java.lang.String to java.lang.Class<java.lang.Throwable> (caused by java.lang.ClassNotFoundException: com.sprms.registration.exception.BcseaNoDataException)

Action:

Update your application's configuration

2026-07-25T11:46:38.433+05:30  INFO 16096 --- [student-Registration] [restartedMain] c.s.r.StudentRegistrationApplication     : Starting StudentRegistrationApplication using Java 17.0.3 with PID 16096 (D:\RCSC_SPRMS\SPRMS MAIN\SPRMS_STUDENT_REGISTRATION\target\classes started by eCMS in D:\RCSC_SPRMS\SPRMS MAIN\SPRMS_STUDENT_REGISTRATION)
2026-07-25T11:46:38.434+05:30  INFO 16096 --- [student-Registration] [restartedMain] c.s.r.StudentRegistrationApplication     : The following 1 profile is active: "prod"
2026-07-25T11:46:39.086+05:30  INFO 16096 --- [student-Registration] [restartedMain] .s.d.r.c.RepositoryConfigurationDelegate : Bootstrapping Spring Data JPA repositories in DEFAULT mode.
2026-07-25T11:46:39.131+05:30  INFO 16096 --- [student-Registration] [restartedMain] .s.d.r.c.RepositoryConfigurationDelegate : Finished Spring Data repository scanning in 43 ms. Found 9 JPA repository interfaces.
2026-07-25T11:46:39.437+05:30  INFO 16096 --- [student-Registration] [restartedMain] o.s.b.w.embedded.tomcat.TomcatWebServer  : Tomcat initialized with port 8081 (http)
2026-07-25T11:46:39.438+05:30  INFO 16096 --- [student-Registration] [restartedMain] o.apache.catalina.core.StandardService   : Starting service [Tomcat]
2026-07-25T11:46:39.438+05:30  INFO 16096 --- [student-Registration] [restartedMain] o.apache.catalina.core.StandardEngine    : Starting Servlet engine: [Apache Tomcat/10.1.31]
2026-07-25T11:46:39.482+05:30  INFO 16096 --- [student-Registration] [restartedMain] o.a.c.c.C.[Tomcat-9].[localhost].[/]     : Initializing Spring embedded WebApplicationContext
2026-07-25T11:46:39.482+05:30  INFO 16096 --- [student-Registration] [restartedMain] w.s.c.ServletWebServerApplicationContext : Root WebApplicationContext: initialization completed in 1046 ms
2026-07-25T11:46:39.650+05:30  INFO 16096 --- [student-Registration] [restartedMain] o.hibernate.jpa.internal.util.LogHelper  : HHH000204: Processing PersistenceUnitInfo [name: default]
2026-07-25T11:46:39.656+05:30  INFO 16096 --- [student-Registration] [restartedMain] o.h.c.internal.RegionFactoryInitiator    : HHH000026: Second-level cache disabled
2026-07-25T11:46:39.670+05:30  INFO 16096 --- [student-Registration] [restartedMain] o.s.o.j.p.SpringPersistenceUnitInfo      : No LoadTimeWeaver setup: ignoring JPA class transformer
2026-07-25T11:46:39.671+05:30  INFO 16096 --- [student-Registration] [restartedMain] com.zaxxer.hikari.HikariDataSource       : SPRMS-HikariPool - Starting...
2026-07-25T11:46:39.688+05:30  INFO 16096 --- [student-Registration] [restartedMain] com.zaxxer.hikari.pool.HikariPool        : SPRMS-HikariPool - Added connection com.mysql.cj.jdbc.ConnectionImpl@13bed55e
2026-07-25T11:46:39.688+05:30  INFO 16096 --- [student-Registration] [restartedMain] com.zaxxer.hikari.HikariDataSource       : SPRMS-HikariPool - Start completed.
2026-07-25T11:46:39.790+05:30  INFO 19816 --- [student-Registration] [main] .s.r.StudentRegistrationApplicationTests : Starting StudentRegistrationApplicationTests using Java 17 with PID 19816 (started by eCMS in D:\RCSC_SPRMS\SPRMS MAIN\SPRMS_STUDENT_REGISTRATION)
2026-07-25T11:46:39.791+05:30  INFO 19816 --- [student-Registration] [main] .s.r.StudentRegistrationApplicationTests : The following 1 profile is active: "prod"
2026-07-25T11:46:39.817+05:30  INFO 16096 --- [student-Registration] [restartedMain] o.h.e.t.j.p.i.JtaPlatformInitiator       : HHH000489: No JTA platform available (set 'hibernate.transaction.jta.platform' to enable JTA platform integration)
2026-07-25T11:46:39.817+05:30  INFO 16096 --- [student-Registration] [restartedMain] org.hibernate.orm.connections.access     : HHH10001501: Connection obtained from JdbcConnectionAccess [org.hibernate.engine.jdbc.env.internal.JdbcEnvironmentInitiator$ConnectionProviderJdbcConnectionAccess@a723bad] for (non-JTA) DDL execution was not in auto-commit mode; the Connection 'local transaction' will be committed and the Connection will be set into auto-commit mode.
2026-07-25T11:46:39.865+05:30  INFO 16096 --- [student-Registration] [restartedMain] j.LocalContainerEntityManagerFactoryBean : Initialized JPA EntityManagerFactory for persistence unit 'default'
2026-07-25T11:46:40.541+05:30  INFO 19816 --- [student-Registration] [main] .s.d.r.c.RepositoryConfigurationDelegate : Bootstrapping Spring Data JPA repositories in DEFAULT mode.
2026-07-25T11:46:40.640+05:30  INFO 16096 --- [student-Registration] [restartedMain] c.s.r.config.Resilience4jConfig          : Retry listener registered for bcseaApi
2026-07-25T11:46:40.659+05:30  INFO 19816 --- [student-Registration] [main] .s.d.r.c.RepositoryConfigurationDelegate : Finished Spring Data repository scanning in 113 ms. Found 9 JPA repository interfaces.
2026-07-25T11:46:40.827+05:30  WARN 16096 --- [student-Registration] [restartedMain] JpaBaseConfiguration$JpaWebConfiguration : spring.jpa.open-in-view is enabled by default. Therefore, database queries may be performed during view rendering. Explicitly configure spring.jpa.open-in-view to disable this warning
2026-07-25T11:46:40.948+05:30  WARN 16096 --- [student-Registration] [restartedMain] .s.s.UserDetailsServiceAutoConfiguration : 

Using generated security password: a7b7d77b-3951-4c7a-9d2e-44a32fa12534

This generated password is for development use only. Your security configuration must be updated before running your application in production.

2026-07-25T11:46:40.951+05:30  INFO 16096 --- [student-Registration] [restartedMain] r$InitializeUserDetailsManagerConfigurer : Global AuthenticationManager configured with UserDetailsService bean with name inMemoryUserDetailsManager
2026-07-25T11:46:41.520+05:30  INFO 19816 --- [student-Registration] [main] o.hibernate.jpa.internal.util.LogHelper  : HHH000204: Processing PersistenceUnitInfo [name: default]
2026-07-25T11:46:41.585+05:30  INFO 19816 --- [student-Registration] [main] org.hibernate.Version                    : HHH000412: Hibernate ORM core version 6.5.3.Final
2026-07-25T11:46:41.620+05:30  INFO 19816 --- [student-Registration] [main] o.h.c.internal.RegionFactoryInitiator    : HHH000026: Second-level cache disabled
2026-07-25T11:46:41.864+05:30  INFO 19816 --- [student-Registration] [main] o.s.o.j.p.SpringPersistenceUnitInfo      : No LoadTimeWeaver setup: ignoring JPA class transformer
2026-07-25T11:46:41.885+05:30  INFO 19816 --- [student-Registration] [main] com.zaxxer.hikari.HikariDataSource       : SPRMS-HikariPool - Starting...
2026-07-25T11:46:42.159+05:30  INFO 16096 --- [student-Registration] [restartedMain] o.s.b.d.a.OptionalLiveReloadServer       : LiveReload server is running on port 35729
2026-07-25T11:46:42.194+05:30  INFO 16096 --- [student-Registration] [restartedMain] o.s.b.w.embedded.tomcat.TomcatWebServer  : Tomcat started on port 8081 (http) with context path '/'
2026-07-25T11:46:42.195+05:30  INFO 16096 --- [student-Registration] [restartedMain] o.s.m.s.b.SimpleBrokerMessageHandler     : Starting...
2026-07-25T11:46:42.195+05:30  INFO 16096 --- [student-Registration] [restartedMain] o.s.m.s.b.SimpleBrokerMessageHandler     : BrokerAvailabilityEvent[available=true, SimpleBrokerMessageHandler [org.springframework.messaging.simp.broker.DefaultSubscriptionRegistry@49fd54b5]]
2026-07-25T11:46:42.195+05:30  INFO 16096 --- [student-Registration] [restartedMain] o.s.m.s.b.SimpleBrokerMessageHandler     : Started.
2026-07-25T11:46:42.205+05:30  INFO 16096 --- [student-Registration] [restartedMain] c.s.r.StudentRegistrationApplication     : Started StudentRegistrationApplication in 3.811 seconds (process running for 910.124)
2026-07-25T11:46:42.208+05:30  INFO 16096 --- [student-Registration] [restartedMain] .ConditionEvaluationDeltaLoggingListener : Condition evaluation unchanged
2026-07-25T11:46:42.238+05:30  INFO 16096 --- [student-Registration] [http-nio-8081-exec-1] o.a.c.c.C.[Tomcat-9].[localhost].[/]     : Initializing Spring DispatcherServlet 'dispatcherServlet'
2026-07-25T11:46:42.239+05:30  INFO 16096 --- [student-Registration] [http-nio-8081-exec-1] o.s.web.servlet.DispatcherServlet        : Initializing Servlet 'dispatcherServlet'
2026-07-25T11:46:42.241+05:30  INFO 16096 --- [student-Registration] [http-nio-8081-exec-1] o.s.web.servlet.DispatcherServlet        : Completed initialization in 2 ms
2026-07-25T11:46:42.247+05:30  INFO 16096 --- [student-Registration] [http-nio-8081-exec-1] s.r.c.ScholarshipResgistrationController : @@@Calling the manual CID entry DCRC info  frm...................
2026-07-25T11:46:42.396+05:30  INFO 19816 --- [student-Registration] [main] com.zaxxer.hikari.pool.HikariPool        : SPRMS-HikariPool - Added connection com.mysql.cj.jdbc.ConnectionImpl@129c760d
2026-07-25T11:46:42.400+05:30  INFO 19816 --- [student-Registration] [main] com.zaxxer.hikari.HikariDataSource       : SPRMS-HikariPool - Start completed.
2026-07-25T11:46:44.069+05:30  INFO 19816 --- [student-Registration] [main] o.h.e.t.j.p.i.JtaPlatformInitiator       : HHH000489: No JTA platform available (set 'hibernate.transaction.jta.platform' to enable JTA platform integration)
2026-07-25T11:46:44.115+05:30  INFO 19816 --- [student-Registration] [main] org.hibernate.orm.connections.access     : HHH10001501: Connection obtained from JdbcConnectionAccess [org.hibernate.engine.jdbc.env.internal.JdbcEnvironmentInitiator$ConnectionProviderJdbcConnectionAccess@1c0ec502] for (non-JTA) DDL execution was not in auto-commit mode; the Connection 'local transaction' will be committed and the Connection will be set into auto-commit mode.
2026-07-25T11:46:44.253+05:30  INFO 19816 --- [student-Registration] [main] j.LocalContainerEntityManagerFactoryBean : Initialized JPA EntityManagerFactory for persistence unit 'default'
2026-07-25T11:46:46.924+05:30  INFO 19816 --- [student-Registration] [main] c.s.r.config.Resilience4jConfig          : Retry listener registered for bcseaApi
2026-07-25T11:46:47.138+05:30  INFO 19816 --- [student-Registration] [main] o.s.d.j.r.query.QueryEnhancerFactory     : Hibernate is in classpath; If applicable, HQL parser will be used.
2026-07-25T11:46:48.115+05:30  WARN 19816 --- [student-Registration] [main] JpaBaseConfiguration$JpaWebConfiguration : spring.jpa.open-in-view is enabled by default. Therefore, database queries may be performed during view rendering. Explicitly configure spring.jpa.open-in-view to disable this warning
2026-07-25T11:46:48.270+05:30  WARN 19816 --- [student-Registration] [main] .s.s.UserDetailsServiceAutoConfiguration : 

Using generated security password: 5e32d743-e711-4280-8dbe-186fe452a5ba

This generated password is for development use only. Your security configuration must be updated before running your application in production.

2026-07-25T11:46:48.347+05:30  INFO 19816 --- [student-Registration] [main] r$InitializeUserDetailsManagerConfigurer : Global AuthenticationManager configured with UserDetailsService bean with name inMemoryUserDetailsManager
2026-07-25T11:46:50.396+05:30  INFO 19816 --- [student-Registration] [main] o.s.m.s.b.SimpleBrokerMessageHandler     : Starting...
2026-07-25T11:46:50.397+05:30  INFO 19816 --- [student-Registration] [main] o.s.m.s.b.SimpleBrokerMessageHandler     : BrokerAvailabilityEvent[available=true, SimpleBrokerMessageHandler [org.springframework.messaging.simp.broker.DefaultSubscriptionRegistry@2693d31f]]
2026-07-25T11:46:50.399+05:30  INFO 19816 --- [student-Registration] [main] o.s.m.s.b.SimpleBrokerMessageHandler     : Started.
2026-07-25T11:46:50.411+05:30  INFO 19816 --- [student-Registration] [main] .s.r.StudentRegistrationApplicationTests : Started StudentRegistrationApplicationTests in 10.83 seconds (process running for 11.514)
2026-07-25T11:46:51.047+05:30  INFO 19816 --- [student-Registration] [SpringApplicationShutdownHook] o.s.m.s.b.SimpleBrokerMessageHandler     : Stopping...
2026-07-25T11:46:51.047+05:30  INFO 19816 --- [student-Registration] [SpringApplicationShutdownHook] o.s.m.s.b.SimpleBrokerMessageHandler     : BrokerAvailabilityEvent[available=false, SimpleBrokerMessageHandler [org.springframework.messaging.simp.broker.DefaultSubscriptionRegistry@2693d31f]]
2026-07-25T11:46:51.048+05:30  INFO 19816 --- [student-Registration] [SpringApplicationShutdownHook] o.s.m.s.b.SimpleBrokerMessageHandler     : Stopped.
2026-07-25T11:46:51.067+05:30  INFO 19816 --- [student-Registration] [SpringApplicationShutdownHook] j.LocalContainerEntityManagerFactoryBean : Closing JPA EntityManagerFactory for persistence unit 'default'
2026-07-25T11:46:51.070+05:30  INFO 19816 --- [student-Registration] [SpringApplicationShutdownHook] com.zaxxer.hikari.HikariDataSource       : SPRMS-HikariPool - Shutdown initiated...
2026-07-25T11:46:51.080+05:30  INFO 19816 --- [student-Registration] [SpringApplicationShutdownHook] com.zaxxer.hikari.HikariDataSource       : SPRMS-HikariPool - Shutdown completed.
2026-07-25T11:47:14.852+05:30  INFO 16096 --- [student-Registration] [File Watcher] rtingClassPathChangeChangedEventListener : Restarting due to 132 class path changes (0 additions, 129 deletions, 3 modifications)
2026-07-25T11:47:14.853+05:30  INFO 16096 --- [student-Registration] [Thread-63] o.s.m.s.b.SimpleBrokerMessageHandler     : Stopping...
2026-07-25T11:47:14.853+05:30  INFO 16096 --- [student-Registration] [Thread-63] o.s.m.s.b.SimpleBrokerMessageHandler     : BrokerAvailabilityEvent[available=false, SimpleBrokerMessageHandler [org.springframework.messaging.simp.broker.DefaultSubscriptionRegistry@49fd54b5]]
2026-07-25T11:47:14.853+05:30  INFO 16096 --- [student-Registration] [Thread-63] o.s.m.s.b.SimpleBrokerMessageHandler     : Stopped.
2026-07-25T11:47:15.018+05:30  INFO 16096 --- [student-Registration] [Thread-63] j.LocalContainerEntityManagerFactoryBean : Closing JPA EntityManagerFactory for persistence unit 'default'
2026-07-25T11:47:15.018+05:30  INFO 16096 --- [student-Registration] [Thread-63] com.zaxxer.hikari.HikariDataSource       : SPRMS-HikariPool - Shutdown initiated...
2026-07-25T11:47:15.021+05:30  INFO 16096 --- [student-Registration] [Thread-63] com.zaxxer.hikari.HikariDataSource       : SPRMS-HikariPool - Shutdown completed.
2026-07-25T11:47:15.085+05:30  INFO 16096 --- [student-Registration] [restartedMain] c.s.r.StudentRegistrationApplication     : Starting StudentRegistrationApplication using Java 17.0.3 with PID 16096 (D:\RCSC_SPRMS\SPRMS MAIN\SPRMS_STUDENT_REGISTRATION\target\classes started by eCMS in D:\RCSC_SPRMS\SPRMS MAIN\SPRMS_STUDENT_REGISTRATION)
2026-07-25T11:47:15.085+05:30  INFO 16096 --- [student-Registration] [restartedMain] c.s.r.StudentRegistrationApplication     : The following 1 profile is active: "prod"
2026-07-25T11:47:15.184+05:30  INFO 16096 --- [student-Registration] [restartedMain] .s.d.r.c.RepositoryConfigurationDelegate : Bootstrapping Spring Data JPA repositories in DEFAULT mode.
2026-07-25T11:47:15.185+05:30  INFO 16096 --- [student-Registration] [restartedMain] .s.d.r.c.RepositoryConfigurationDelegate : Finished Spring Data repository scanning in 0 ms. Found 0 JPA repository interfaces.
2026-07-25T11:47:15.315+05:30  INFO 16096 --- [student-Registration] [restartedMain] o.s.b.w.embedded.tomcat.TomcatWebServer  : Tomcat initialized with port 8081 (http)
2026-07-25T11:47:15.316+05:30  INFO 16096 --- [student-Registration] [restartedMain] o.apache.catalina.core.StandardService   : Starting service [Tomcat]
2026-07-25T11:47:15.316+05:30  INFO 16096 --- [student-Registration] [restartedMain] o.apache.catalina.core.StandardEngine    : Starting Servlet engine: [Apache Tomcat/10.1.31]
2026-07-25T11:47:15.331+05:30  INFO 16096 --- [student-Registration] [restartedMain] o.a.c.c.C.[Tomcat-9].[localhost].[/]     : Initializing Spring embedded WebApplicationContext
2026-07-25T11:47:15.331+05:30  INFO 16096 --- [student-Registration] [restartedMain] w.s.c.ServletWebServerApplicationContext : Root WebApplicationContext: initialization completed in 245 ms
2026-07-25T11:47:15.417+05:30  INFO 16096 --- [student-Registration] [restartedMain] o.hibernate.jpa.internal.util.LogHelper  : HHH000204: Processing PersistenceUnitInfo [name: default]
2026-07-25T11:47:15.419+05:30  INFO 16096 --- [student-Registration] [restartedMain] o.h.c.internal.RegionFactoryInitiator    : HHH000026: Second-level cache disabled
2026-07-25T11:47:15.422+05:30  INFO 16096 --- [student-Registration] [restartedMain] o.s.o.j.p.SpringPersistenceUnitInfo      : No LoadTimeWeaver setup: ignoring JPA class transformer
2026-07-25T11:47:15.423+05:30  INFO 16096 --- [student-Registration] [restartedMain] com.zaxxer.hikari.HikariDataSource       : SPRMS-HikariPool - Starting...
2026-07-25T11:47:15.434+05:30  INFO 16096 --- [student-Registration] [restartedMain] com.zaxxer.hikari.pool.HikariPool        : SPRMS-HikariPool - Added connection com.mysql.cj.jdbc.ConnectionImpl@1e35246f
2026-07-25T11:47:15.434+05:30  INFO 16096 --- [student-Registration] [restartedMain] com.zaxxer.hikari.HikariDataSource       : SPRMS-HikariPool - Start completed.
2026-07-25T11:47:15.453+05:30  INFO 16096 --- [student-Registration] [restartedMain] o.h.e.t.j.p.i.JtaPlatformInitiator       : HHH000489: No JTA platform available (set 'hibernate.transaction.jta.platform' to enable JTA platform integration)
2026-07-25T11:47:15.453+05:30  INFO 16096 --- [student-Registration] [restartedMain] j.LocalContainerEntityManagerFactoryBean : Initialized JPA EntityManagerFactory for persistence unit 'default'
2026-07-25T11:47:15.566+05:30  WARN 16096 --- [student-Registration] [restartedMain] JpaBaseConfiguration$JpaWebConfiguration : spring.jpa.open-in-view is enabled by default. Therefore, database queries may be performed during view rendering. Explicitly configure spring.jpa.open-in-view to disable this warning
2026-07-25T11:47:15.822+05:30  WARN 16096 --- [student-Registration] [restartedMain] ConfigServletWebServerApplicationContext : Exception encountered during context initialization - cancelling refresh attempt: org.springframework.beans.factory.UnsatisfiedDependencyException: Error creating bean with name 'retryRegistry' defined in class path resource [io/github/resilience4j/springboot3/retry/autoconfigure/RetryConfigurationOnMissingBean.class]: Unsatisfied dependency expressed through method 'retryRegistry' parameter 0: Error creating bean with name 'resilience4j.retry-io.github.resilience4j.springboot3.retry.autoconfigure.RetryProperties': Could not bind properties to 'RetryProperties' : prefix=resilience4j.retry, ignoreInvalidFields=false, ignoreUnknownFields=true
2026-07-25T11:47:15.822+05:30  INFO 16096 --- [student-Registration] [restartedMain] j.LocalContainerEntityManagerFactoryBean : Closing JPA EntityManagerFactory for persistence unit 'default'
2026-07-25T11:47:15.822+05:30  INFO 16096 --- [student-Registration] [restartedMain] com.zaxxer.hikari.HikariDataSource       : SPRMS-HikariPool - Shutdown initiated...
2026-07-25T11:47:15.826+05:30  INFO 16096 --- [student-Registration] [restartedMain] com.zaxxer.hikari.HikariDataSource       : SPRMS-HikariPool - Shutdown completed.
2026-07-25T11:47:15.826+05:30  INFO 16096 --- [student-Registration] [restartedMain] o.apache.catalina.core.StandardService   : Stopping service [Tomcat]
2026-07-25T11:47:15.830+05:30  INFO 16096 --- [student-Registration] [restartedMain] .s.b.a.l.ConditionEvaluationReportLogger : 

Error starting ApplicationContext. To display the condition evaluation report re-run your application with 'debug' enabled.
2026-07-25T11:47:15.832+05:30 ERROR 16096 --- [student-Registration] [restartedMain] o.s.b.d.LoggingFailureAnalysisReporter   : 

***************************
APPLICATION FAILED TO START
***************************

Description:

Failed to bind properties under 'resilience4j.retry.instances.bcseaapi.ignore-exceptions' to java.lang.Class<java.lang.Throwable>[]:

    Property: resilience4j.retry.instances.bcseaapi.ignore-exceptions
    Value: "com.sprms.registration.exception.BcseaNoDataException,java.lang.IllegalArgumentException"
    Origin: class path resource [application-prod.properties] - 155:1
    Reason: failed to convert java.lang.String to java.lang.Class<java.lang.Throwable> (caused by java.lang.ClassNotFoundException: com.sprms.registration.exception.BcseaNoDataException)

Action:

Update your application's configuration

2026-07-25T11:47:18.514+05:30  INFO 16096 --- [student-Registration] [restartedMain] c.s.r.StudentRegistrationApplication     : Starting StudentRegistrationApplication using Java 17.0.3 with PID 16096 (D:\RCSC_SPRMS\SPRMS MAIN\SPRMS_STUDENT_REGISTRATION\target\classes started by eCMS in D:\RCSC_SPRMS\SPRMS MAIN\SPRMS_STUDENT_REGISTRATION)
2026-07-25T11:47:18.514+05:30  INFO 16096 --- [student-Registration] [restartedMain] c.s.r.StudentRegistrationApplication     : The following 1 profile is active: "prod"
2026-07-25T11:47:19.208+05:30  INFO 16096 --- [student-Registration] [restartedMain] .s.d.r.c.RepositoryConfigurationDelegate : Bootstrapping Spring Data JPA repositories in DEFAULT mode.
2026-07-25T11:47:19.226+05:30  INFO 16096 --- [student-Registration] [restartedMain] .s.d.r.c.RepositoryConfigurationDelegate : Finished Spring Data repository scanning in 18 ms. Found 9 JPA repository interfaces.
2026-07-25T11:47:19.354+05:30  INFO 16096 --- [student-Registration] [restartedMain] o.s.b.w.embedded.tomcat.TomcatWebServer  : Tomcat initialized with port 8081 (http)
2026-07-25T11:47:19.354+05:30  INFO 16096 --- [student-Registration] [restartedMain] o.apache.catalina.core.StandardService   : Starting service [Tomcat]
2026-07-25T11:47:19.354+05:30  INFO 16096 --- [student-Registration] [restartedMain] o.apache.catalina.core.StandardEngine    : Starting Servlet engine: [Apache Tomcat/10.1.31]
2026-07-25T11:47:19.366+05:30  INFO 16096 --- [student-Registration] [restartedMain] o.a.c.c.C.[Tomcat-10].[localhost].[/]    : Initializing Spring embedded WebApplicationContext
2026-07-25T11:47:19.366+05:30  INFO 16096 --- [student-Registration] [restartedMain] w.s.c.ServletWebServerApplicationContext : Root WebApplicationContext: initialization completed in 850 ms
2026-07-25T11:47:19.407+05:30  INFO 20056 --- [student-Registration] [main] .s.r.StudentRegistrationApplicationTests : Starting StudentRegistrationApplicationTests using Java 17 with PID 20056 (started by eCMS in D:\RCSC_SPRMS\SPRMS MAIN\SPRMS_STUDENT_REGISTRATION)
2026-07-25T11:47:19.408+05:30  INFO 20056 --- [student-Registration] [main] .s.r.StudentRegistrationApplicationTests : The following 1 profile is active: "prod"
2026-07-25T11:47:19.433+05:30  INFO 16096 --- [student-Registration] [restartedMain] o.hibernate.jpa.internal.util.LogHelper  : HHH000204: Processing PersistenceUnitInfo [name: default]
2026-07-25T11:47:19.434+05:30  INFO 16096 --- [student-Registration] [restartedMain] o.h.c.internal.RegionFactoryInitiator    : HHH000026: Second-level cache disabled
2026-07-25T11:47:19.438+05:30  INFO 16096 --- [student-Registration] [restartedMain] o.s.o.j.p.SpringPersistenceUnitInfo      : No LoadTimeWeaver setup: ignoring JPA class transformer
2026-07-25T11:47:19.438+05:30  INFO 16096 --- [student-Registration] [restartedMain] com.zaxxer.hikari.HikariDataSource       : SPRMS-HikariPool - Starting...
2026-07-25T11:47:19.445+05:30  INFO 16096 --- [student-Registration] [restartedMain] com.zaxxer.hikari.pool.HikariPool        : SPRMS-HikariPool - Added connection com.mysql.cj.jdbc.ConnectionImpl@10fa8f3a
2026-07-25T11:47:19.446+05:30  INFO 16096 --- [student-Registration] [restartedMain] com.zaxxer.hikari.HikariDataSource       : SPRMS-HikariPool - Start completed.
2026-07-25T11:47:19.526+05:30  INFO 16096 --- [student-Registration] [restartedMain] o.h.e.t.j.p.i.JtaPlatformInitiator       : HHH000489: No JTA platform available (set 'hibernate.transaction.jta.platform' to enable JTA platform integration)
2026-07-25T11:47:19.526+05:30  INFO 16096 --- [student-Registration] [restartedMain] org.hibernate.orm.connections.access     : HHH10001501: Connection obtained from JdbcConnectionAccess [org.hibernate.engine.jdbc.env.internal.JdbcEnvironmentInitiator$ConnectionProviderJdbcConnectionAccess@5ee1c27a] for (non-JTA) DDL execution was not in auto-commit mode; the Connection 'local transaction' will be committed and the Connection will be set into auto-commit mode.
2026-07-25T11:47:19.564+05:30  INFO 16096 --- [student-Registration] [restartedMain] j.LocalContainerEntityManagerFactoryBean : Initialized JPA EntityManagerFactory for persistence unit 'default'
2026-07-25T11:47:19.902+05:30  INFO 16096 --- [student-Registration] [restartedMain] c.s.r.config.Resilience4jConfig          : Retry listener registered for bcseaApi
2026-07-25T11:47:20.002+05:30  WARN 16096 --- [student-Registration] [restartedMain] JpaBaseConfiguration$JpaWebConfiguration : spring.jpa.open-in-view is enabled by default. Therefore, database queries may be performed during view rendering. Explicitly configure spring.jpa.open-in-view to disable this warning
2026-07-25T11:47:20.035+05:30  WARN 16096 --- [student-Registration] [restartedMain] .s.s.UserDetailsServiceAutoConfiguration : 

Using generated security password: 4e86e29b-f13c-48b2-bcc6-a80194fb71c8

This generated password is for development use only. Your security configuration must be updated before running your application in production.

2026-07-25T11:47:20.037+05:30  INFO 16096 --- [student-Registration] [restartedMain] r$InitializeUserDetailsManagerConfigurer : Global AuthenticationManager configured with UserDetailsService bean with name inMemoryUserDetailsManager
2026-07-25T11:47:20.224+05:30  INFO 20056 --- [student-Registration] [main] .s.d.r.c.RepositoryConfigurationDelegate : Bootstrapping Spring Data JPA repositories in DEFAULT mode.
2026-07-25T11:47:20.336+05:30  INFO 20056 --- [student-Registration] [main] .s.d.r.c.RepositoryConfigurationDelegate : Finished Spring Data repository scanning in 106 ms. Found 9 JPA repository interfaces.
2026-07-25T11:47:20.504+05:30  INFO 16096 --- [student-Registration] [restartedMain] o.s.b.d.a.OptionalLiveReloadServer       : LiveReload server is running on port 35729
2026-07-25T11:47:20.519+05:30  INFO 16096 --- [student-Registration] [restartedMain] o.s.b.w.embedded.tomcat.TomcatWebServer  : Tomcat started on port 8081 (http) with context path '/'
2026-07-25T11:47:20.519+05:30  INFO 16096 --- [student-Registration] [restartedMain] o.s.m.s.b.SimpleBrokerMessageHandler     : Starting...
2026-07-25T11:47:20.519+05:30  INFO 16096 --- [student-Registration] [restartedMain] o.s.m.s.b.SimpleBrokerMessageHandler     : BrokerAvailabilityEvent[available=true, SimpleBrokerMessageHandler [org.springframework.messaging.simp.broker.DefaultSubscriptionRegistry@3ddb8f86]]
2026-07-25T11:47:20.519+05:30  INFO 16096 --- [student-Registration] [restartedMain] o.s.m.s.b.SimpleBrokerMessageHandler     : Started.
2026-07-25T11:47:20.522+05:30  INFO 16096 --- [student-Registration] [restartedMain] c.s.r.StudentRegistrationApplication     : Started StudentRegistrationApplication in 2.02 seconds (process running for 948.441)
2026-07-25T11:47:20.523+05:30  INFO 16096 --- [student-Registration] [restartedMain] .ConditionEvaluationDeltaLoggingListener : Condition evaluation unchanged
2026-07-25T11:47:21.305+05:30  INFO 20056 --- [student-Registration] [main] o.hibernate.jpa.internal.util.LogHelper  : HHH000204: Processing PersistenceUnitInfo [name: default]
2026-07-25T11:47:21.415+05:30  INFO 20056 --- [student-Registration] [main] org.hibernate.Version                    : HHH000412: Hibernate ORM core version 6.5.3.Final
2026-07-25T11:47:21.440+05:30  INFO 20056 --- [student-Registration] [main] o.h.c.internal.RegionFactoryInitiator    : HHH000026: Second-level cache disabled
2026-07-25T11:47:21.953+05:30  INFO 20056 --- [student-Registration] [main] o.s.o.j.p.SpringPersistenceUnitInfo      : No LoadTimeWeaver setup: ignoring JPA class transformer
2026-07-25T11:47:21.999+05:30  INFO 20056 --- [student-Registration] [main] com.zaxxer.hikari.HikariDataSource       : SPRMS-HikariPool - Starting...
2026-07-25T11:47:22.439+05:30  INFO 16096 --- [student-Registration] [http-nio-8081-exec-1] o.a.c.c.C.[Tomcat-10].[localhost].[/]    : Initializing Spring DispatcherServlet 'dispatcherServlet'
2026-07-25T11:47:22.440+05:30  INFO 16096 --- [student-Registration] [http-nio-8081-exec-1] o.s.web.servlet.DispatcherServlet        : Initializing Servlet 'dispatcherServlet'
2026-07-25T11:47:22.442+05:30  INFO 16096 --- [student-Registration] [http-nio-8081-exec-1] o.s.web.servlet.DispatcherServlet        : Completed initialization in 2 ms
2026-07-25T11:47:22.445+05:30  INFO 16096 --- [student-Registration] [http-nio-8081-exec-1] s.r.c.ScholarshipResgistrationController : @@@Calling the manual CID entry DCRC info  frm...................
2026-07-25T11:47:22.539+05:30  INFO 20056 --- [student-Registration] [main] com.zaxxer.hikari.pool.HikariPool        : SPRMS-HikariPool - Added connection com.mysql.cj.jdbc.ConnectionImpl@6fd97fd1
2026-07-25T11:47:22.541+05:30  INFO 20056 --- [student-Registration] [main] com.zaxxer.hikari.HikariDataSource       : SPRMS-HikariPool - Start completed.
2026-07-25T11:47:24.107+05:30  INFO 20056 --- [student-Registration] [main] o.h.e.t.j.p.i.JtaPlatformInitiator       : HHH000489: No JTA platform available (set 'hibernate.transaction.jta.platform' to enable JTA platform integration)
2026-07-25T11:47:24.153+05:30  INFO 20056 --- [student-Registration] [main] org.hibernate.orm.connections.access     : HHH10001501: Connection obtained from JdbcConnectionAccess [org.hibernate.engine.jdbc.env.internal.JdbcEnvironmentInitiator$ConnectionProviderJdbcConnectionAccess@74214ac3] for (non-JTA) DDL execution was not in auto-commit mode; the Connection 'local transaction' will be committed and the Connection will be set into auto-commit mode.
2026-07-25T11:47:24.293+05:30  INFO 20056 --- [student-Registration] [main] j.LocalContainerEntityManagerFactoryBean : Initialized JPA EntityManagerFactory for persistence unit 'default'
2026-07-25T11:47:26.817+05:30  INFO 20056 --- [student-Registration] [main] c.s.r.config.Resilience4jConfig          : Retry listener registered for bcseaApi
2026-07-25T11:47:27.116+05:30  INFO 20056 --- [student-Registration] [main] o.s.d.j.r.query.QueryEnhancerFactory     : Hibernate is in classpath; If applicable, HQL parser will be used.
2026-07-25T11:47:27.880+05:30  WARN 20056 --- [student-Registration] [main] JpaBaseConfiguration$JpaWebConfiguration : spring.jpa.open-in-view is enabled by default. Therefore, database queries may be performed during view rendering. Explicitly configure spring.jpa.open-in-view to disable this warning
2026-07-25T11:47:28.045+05:30  WARN 20056 --- [student-Registration] [main] .s.s.UserDetailsServiceAutoConfiguration : 

Using generated security password: 4602831a-a617-4cac-be94-85c3d6862c4c

This generated password is for development use only. Your security configuration must be updated before running your application in production.

2026-07-25T11:47:28.141+05:30  INFO 20056 --- [student-Registration] [main] r$InitializeUserDetailsManagerConfigurer : Global AuthenticationManager configured with UserDetailsService bean with name inMemoryUserDetailsManager
2026-07-25T11:47:30.175+05:30  INFO 20056 --- [student-Registration] [main] o.s.m.s.b.SimpleBrokerMessageHandler     : Starting...
2026-07-25T11:47:30.176+05:30  INFO 20056 --- [student-Registration] [main] o.s.m.s.b.SimpleBrokerMessageHandler     : BrokerAvailabilityEvent[available=true, SimpleBrokerMessageHandler [org.springframework.messaging.simp.broker.DefaultSubscriptionRegistry@6ed836b3]]
2026-07-25T11:47:30.177+05:30  INFO 20056 --- [student-Registration] [main] o.s.m.s.b.SimpleBrokerMessageHandler     : Started.
2026-07-25T11:47:30.188+05:30  INFO 20056 --- [student-Registration] [main] .s.r.StudentRegistrationApplicationTests : Started StudentRegistrationApplicationTests in 10.994 seconds (process running for 11.649)
2026-07-25T11:47:30.785+05:30  INFO 20056 --- [student-Registration] [SpringApplicationShutdownHook] o.s.m.s.b.SimpleBrokerMessageHandler     : Stopping...
2026-07-25T11:47:30.786+05:30  INFO 20056 --- [student-Registration] [SpringApplicationShutdownHook] o.s.m.s.b.SimpleBrokerMessageHandler     : BrokerAvailabilityEvent[available=false, SimpleBrokerMessageHandler [org.springframework.messaging.simp.broker.DefaultSubscriptionRegistry@6ed836b3]]
2026-07-25T11:47:30.786+05:30  INFO 20056 --- [student-Registration] [SpringApplicationShutdownHook] o.s.m.s.b.SimpleBrokerMessageHandler     : Stopped.
2026-07-25T11:47:30.800+05:30  INFO 20056 --- [student-Registration] [SpringApplicationShutdownHook] j.LocalContainerEntityManagerFactoryBean : Closing JPA EntityManagerFactory for persistence unit 'default'
2026-07-25T11:47:30.803+05:30  INFO 20056 --- [student-Registration] [SpringApplicationShutdownHook] com.zaxxer.hikari.HikariDataSource       : SPRMS-HikariPool - Shutdown initiated...
2026-07-25T11:47:30.812+05:30  INFO 20056 --- [student-Registration] [SpringApplicationShutdownHook] com.zaxxer.hikari.HikariDataSource       : SPRMS-HikariPool - Shutdown completed.
2026-07-25T11:48:20.530+05:30  INFO 16096 --- [student-Registration] [MessageBroker-1] o.s.w.s.c.WebSocketMessageBrokerStats    : WebSocketSession[0 current WS(0)-HttpStream(0)-HttpPoll(0), 0 total, 0 closed abnormally (0 connect failure, 0 send limit, 0 transport error)], stompSubProtocol[processed CONNECT(0)-CONNECTED(0)-DISCONNECT(0)], stompBrokerRelay[null], inboundChannel[pool size = 0, active threads = 0, queued tasks = 0, completed tasks = 0], outboundChannel[pool size = 0, active threads = 0, queued tasks = 0, completed tasks = 0], sockJsScheduler[pool size = 1, active threads = 1, queued tasks = 0, completed tasks = 0]
2026-07-25T11:54:13.356+05:30  INFO 16096 --- [student-Registration] [File Watcher] rtingClassPathChangeChangedEventListener : Restarting due to 132 class path changes (0 additions, 129 deletions, 3 modifications)
2026-07-25T11:54:13.357+05:30  INFO 16096 --- [student-Registration] [Thread-70] o.s.m.s.b.SimpleBrokerMessageHandler     : Stopping...
2026-07-25T11:54:13.358+05:30  INFO 16096 --- [student-Registration] [Thread-70] o.s.m.s.b.SimpleBrokerMessageHandler     : BrokerAvailabilityEvent[available=false, SimpleBrokerMessageHandler [org.springframework.messaging.simp.broker.DefaultSubscriptionRegistry@3ddb8f86]]
2026-07-25T11:54:13.358+05:30  INFO 16096 --- [student-Registration] [Thread-70] o.s.m.s.b.SimpleBrokerMessageHandler     : Stopped.
2026-07-25T11:54:13.536+05:30  INFO 16096 --- [student-Registration] [Thread-70] j.LocalContainerEntityManagerFactoryBean : Closing JPA EntityManagerFactory for persistence unit 'default'
2026-07-25T11:54:13.537+05:30  INFO 16096 --- [student-Registration] [Thread-70] com.zaxxer.hikari.HikariDataSource       : SPRMS-HikariPool - Shutdown initiated...
2026-07-25T11:54:13.540+05:30  INFO 16096 --- [student-Registration] [Thread-70] com.zaxxer.hikari.HikariDataSource       : SPRMS-HikariPool - Shutdown completed.
2026-07-25T11:54:13.623+05:30  INFO 16096 --- [student-Registration] [restartedMain] c.s.r.StudentRegistrationApplication     : Starting StudentRegistrationApplication using Java 17.0.3 with PID 16096 (D:\RCSC_SPRMS\SPRMS MAIN\SPRMS_STUDENT_REGISTRATION\target\classes started by eCMS in D:\RCSC_SPRMS\SPRMS MAIN\SPRMS_STUDENT_REGISTRATION)
2026-07-25T11:54:13.623+05:30  INFO 16096 --- [student-Registration] [restartedMain] c.s.r.StudentRegistrationApplication     : The following 1 profile is active: "prod"
2026-07-25T11:54:13.739+05:30  INFO 16096 --- [student-Registration] [restartedMain] .s.d.r.c.RepositoryConfigurationDelegate : Bootstrapping Spring Data JPA repositories in DEFAULT mode.
2026-07-25T11:54:13.740+05:30  INFO 16096 --- [student-Registration] [restartedMain] .s.d.r.c.RepositoryConfigurationDelegate : Finished Spring Data repository scanning in 0 ms. Found 0 JPA repository interfaces.
2026-07-25T11:54:13.918+05:30  INFO 16096 --- [student-Registration] [restartedMain] o.s.b.w.embedded.tomcat.TomcatWebServer  : Tomcat initialized with port 8081 (http)
2026-07-25T11:54:13.919+05:30  INFO 16096 --- [student-Registration] [restartedMain] o.apache.catalina.core.StandardService   : Starting service [Tomcat]
2026-07-25T11:54:13.919+05:30  INFO 16096 --- [student-Registration] [restartedMain] o.apache.catalina.core.StandardEngine    : Starting Servlet engine: [Apache Tomcat/10.1.31]
2026-07-25T11:54:13.931+05:30  INFO 16096 --- [student-Registration] [restartedMain] o.a.c.c.C.[Tomcat-10].[localhost].[/]    : Initializing Spring embedded WebApplicationContext
2026-07-25T11:54:13.931+05:30  INFO 16096 --- [student-Registration] [restartedMain] w.s.c.ServletWebServerApplicationContext : Root WebApplicationContext: initialization completed in 307 ms
2026-07-25T11:54:14.021+05:30  INFO 16096 --- [student-Registration] [restartedMain] o.hibernate.jpa.internal.util.LogHelper  : HHH000204: Processing PersistenceUnitInfo [name: default]
2026-07-25T11:54:14.023+05:30  INFO 16096 --- [student-Registration] [restartedMain] o.h.c.internal.RegionFactoryInitiator    : HHH000026: Second-level cache disabled
2026-07-25T11:54:14.028+05:30  INFO 16096 --- [student-Registration] [restartedMain] o.s.o.j.p.SpringPersistenceUnitInfo      : No LoadTimeWeaver setup: ignoring JPA class transformer
2026-07-25T11:54:14.029+05:30  INFO 16096 --- [student-Registration] [restartedMain] com.zaxxer.hikari.HikariDataSource       : SPRMS-HikariPool - Starting...
2026-07-25T11:54:14.038+05:30  INFO 16096 --- [student-Registration] [restartedMain] com.zaxxer.hikari.pool.HikariPool        : SPRMS-HikariPool - Added connection com.mysql.cj.jdbc.ConnectionImpl@1fbeb52b
2026-07-25T11:54:14.039+05:30  INFO 16096 --- [student-Registration] [restartedMain] com.zaxxer.hikari.HikariDataSource       : SPRMS-HikariPool - Start completed.
2026-07-25T11:54:14.052+05:30  INFO 16096 --- [student-Registration] [restartedMain] o.h.e.t.j.p.i.JtaPlatformInitiator       : HHH000489: No JTA platform available (set 'hibernate.transaction.jta.platform' to enable JTA platform integration)
2026-07-25T11:54:14.052+05:30  INFO 16096 --- [student-Registration] [restartedMain] j.LocalContainerEntityManagerFactoryBean : Initialized JPA EntityManagerFactory for persistence unit 'default'
2026-07-25T11:54:14.193+05:30  WARN 16096 --- [student-Registration] [restartedMain] JpaBaseConfiguration$JpaWebConfiguration : spring.jpa.open-in-view is enabled by default. Therefore, database queries may be performed during view rendering. Explicitly configure spring.jpa.open-in-view to disable this warning
2026-07-25T11:54:14.468+05:30  WARN 16096 --- [student-Registration] [restartedMain] ConfigServletWebServerApplicationContext : Exception encountered during context initialization - cancelling refresh attempt: org.springframework.beans.factory.UnsatisfiedDependencyException: Error creating bean with name 'retryRegistry' defined in class path resource [io/github/resilience4j/springboot3/retry/autoconfigure/RetryConfigurationOnMissingBean.class]: Unsatisfied dependency expressed through method 'retryRegistry' parameter 0: Error creating bean with name 'resilience4j.retry-io.github.resilience4j.springboot3.retry.autoconfigure.RetryProperties': Could not bind properties to 'RetryProperties' : prefix=resilience4j.retry, ignoreInvalidFields=false, ignoreUnknownFields=true
2026-07-25T11:54:14.468+05:30  INFO 16096 --- [student-Registration] [restartedMain] j.LocalContainerEntityManagerFactoryBean : Closing JPA EntityManagerFactory for persistence unit 'default'
2026-07-25T11:54:14.468+05:30  INFO 16096 --- [student-Registration] [restartedMain] com.zaxxer.hikari.HikariDataSource       : SPRMS-HikariPool - Shutdown initiated...
2026-07-25T11:54:14.470+05:30  INFO 16096 --- [student-Registration] [restartedMain] com.zaxxer.hikari.HikariDataSource       : SPRMS-HikariPool - Shutdown completed.
2026-07-25T11:54:14.471+05:30  INFO 16096 --- [student-Registration] [restartedMain] o.apache.catalina.core.StandardService   : Stopping service [Tomcat]
2026-07-25T11:54:14.475+05:30  INFO 16096 --- [student-Registration] [restartedMain] .s.b.a.l.ConditionEvaluationReportLogger : 

Error starting ApplicationContext. To display the condition evaluation report re-run your application with 'debug' enabled.
2026-07-25T11:54:14.477+05:30 ERROR 16096 --- [student-Registration] [restartedMain] o.s.b.d.LoggingFailureAnalysisReporter   : 

***************************
APPLICATION FAILED TO START
***************************

Description:

Failed to bind properties under 'resilience4j.retry.instances.bcseaapi.ignore-exceptions' to java.lang.Class<java.lang.Throwable>[]:

    Property: resilience4j.retry.instances.bcseaapi.ignore-exceptions
    Value: "com.sprms.registration.exception.BcseaNoDataException,java.lang.IllegalArgumentException"
    Origin: class path resource [application-prod.properties] - 155:1
    Reason: failed to convert java.lang.String to java.lang.Class<java.lang.Throwable> (caused by java.lang.ClassNotFoundException: com.sprms.registration.exception.BcseaNoDataException)

Action:

Update your application's configuration

2026-07-25T11:54:16.746+05:30  INFO 16096 --- [student-Registration] [restartedMain] c.s.r.StudentRegistrationApplication     : Starting StudentRegistrationApplication using Java 17.0.3 with PID 16096 (D:\RCSC_SPRMS\SPRMS MAIN\SPRMS_STUDENT_REGISTRATION\target\classes started by eCMS in D:\RCSC_SPRMS\SPRMS MAIN\SPRMS_STUDENT_REGISTRATION)
2026-07-25T11:54:16.747+05:30  INFO 16096 --- [student-Registration] [restartedMain] c.s.r.StudentRegistrationApplication     : The following 1 profile is active: "prod"
2026-07-25T11:54:17.406+05:30  INFO 16096 --- [student-Registration] [restartedMain] .s.d.r.c.RepositoryConfigurationDelegate : Bootstrapping Spring Data JPA repositories in DEFAULT mode.
2026-07-25T11:54:17.421+05:30  INFO 16096 --- [student-Registration] [restartedMain] .s.d.r.c.RepositoryConfigurationDelegate : Finished Spring Data repository scanning in 15 ms. Found 9 JPA repository interfaces.
2026-07-25T11:54:17.556+05:30  INFO 16096 --- [student-Registration] [restartedMain] o.s.b.w.embedded.tomcat.TomcatWebServer  : Tomcat initialized with port 8081 (http)
2026-07-25T11:54:17.556+05:30  INFO 16096 --- [student-Registration] [restartedMain] o.apache.catalina.core.StandardService   : Starting service [Tomcat]
2026-07-25T11:54:17.557+05:30  INFO 16096 --- [student-Registration] [restartedMain] o.apache.catalina.core.StandardEngine    : Starting Servlet engine: [Apache Tomcat/10.1.31]
2026-07-25T11:54:17.569+05:30  INFO 16096 --- [student-Registration] [restartedMain] o.a.c.c.C.[Tomcat-11].[localhost].[/]    : Initializing Spring embedded WebApplicationContext
2026-07-25T11:54:17.569+05:30  INFO 16096 --- [student-Registration] [restartedMain] w.s.c.ServletWebServerApplicationContext : Root WebApplicationContext: initialization completed in 822 ms
2026-07-25T11:54:17.645+05:30  INFO 16096 --- [student-Registration] [restartedMain] o.hibernate.jpa.internal.util.LogHelper  : HHH000204: Processing PersistenceUnitInfo [name: default]
2026-07-25T11:54:17.646+05:30  INFO 16096 --- [student-Registration] [restartedMain] o.h.c.internal.RegionFactoryInitiator    : HHH000026: Second-level cache disabled
2026-07-25T11:54:17.650+05:30  INFO 16096 --- [student-Registration] [restartedMain] o.s.o.j.p.SpringPersistenceUnitInfo      : No LoadTimeWeaver setup: ignoring JPA class transformer
2026-07-25T11:54:17.650+05:30  INFO 16096 --- [student-Registration] [restartedMain] com.zaxxer.hikari.HikariDataSource       : SPRMS-HikariPool - Starting...
2026-07-25T11:54:17.659+05:30  INFO 16096 --- [student-Registration] [restartedMain] com.zaxxer.hikari.pool.HikariPool        : SPRMS-HikariPool - Added connection com.mysql.cj.jdbc.ConnectionImpl@7f30ee89
2026-07-25T11:54:17.659+05:30  INFO 16096 --- [student-Registration] [restartedMain] com.zaxxer.hikari.HikariDataSource       : SPRMS-HikariPool - Start completed.
2026-07-25T11:54:17.726+05:30  INFO 16096 --- [student-Registration] [restartedMain] o.h.e.t.j.p.i.JtaPlatformInitiator       : HHH000489: No JTA platform available (set 'hibernate.transaction.jta.platform' to enable JTA platform integration)
2026-07-25T11:54:17.726+05:30  INFO 16096 --- [student-Registration] [restartedMain] org.hibernate.orm.connections.access     : HHH10001501: Connection obtained from JdbcConnectionAccess [org.hibernate.engine.jdbc.env.internal.JdbcEnvironmentInitiator$ConnectionProviderJdbcConnectionAccess@5d31fc56] for (non-JTA) DDL execution was not in auto-commit mode; the Connection 'local transaction' will be committed and the Connection will be set into auto-commit mode.
2026-07-25T11:54:17.764+05:30  INFO 16096 --- [student-Registration] [restartedMain] j.LocalContainerEntityManagerFactoryBean : Initialized JPA EntityManagerFactory for persistence unit 'default'
2026-07-25T11:54:18.006+05:30  INFO 21696 --- [student-Registration] [main] .s.r.StudentRegistrationApplicationTests : Starting StudentRegistrationApplicationTests using Java 17 with PID 21696 (started by eCMS in D:\RCSC_SPRMS\SPRMS MAIN\SPRMS_STUDENT_REGISTRATION)
2026-07-25T11:54:18.007+05:30  INFO 21696 --- [student-Registration] [main] .s.r.StudentRegistrationApplicationTests : The following 1 profile is active: "prod"
2026-07-25T11:54:18.091+05:30  INFO 16096 --- [student-Registration] [restartedMain] c.s.r.config.Resilience4jConfig          : Retry listener registered for bcseaApi
2026-07-25T11:54:18.201+05:30  WARN 16096 --- [student-Registration] [restartedMain] JpaBaseConfiguration$JpaWebConfiguration : spring.jpa.open-in-view is enabled by default. Therefore, database queries may be performed during view rendering. Explicitly configure spring.jpa.open-in-view to disable this warning
2026-07-25T11:54:18.241+05:30  WARN 16096 --- [student-Registration] [restartedMain] .s.s.UserDetailsServiceAutoConfiguration : 

Using generated security password: 40139a9c-00e6-48ab-8592-e4a6fac31244

This generated password is for development use only. Your security configuration must be updated before running your application in production.

2026-07-25T11:54:18.248+05:30  INFO 16096 --- [student-Registration] [restartedMain] r$InitializeUserDetailsManagerConfigurer : Global AuthenticationManager configured with UserDetailsService bean with name inMemoryUserDetailsManager
2026-07-25T11:54:18.745+05:30  INFO 16096 --- [student-Registration] [restartedMain] o.s.b.d.a.OptionalLiveReloadServer       : LiveReload server is running on port 35729
2026-07-25T11:54:18.749+05:30  INFO 21696 --- [student-Registration] [main] .s.d.r.c.RepositoryConfigurationDelegate : Bootstrapping Spring Data JPA repositories in DEFAULT mode.
2026-07-25T11:54:18.757+05:30  INFO 16096 --- [student-Registration] [restartedMain] o.s.b.w.embedded.tomcat.TomcatWebServer  : Tomcat started on port 8081 (http) with context path '/'
2026-07-25T11:54:18.758+05:30  INFO 16096 --- [student-Registration] [restartedMain] o.s.m.s.b.SimpleBrokerMessageHandler     : Starting...
2026-07-25T11:54:18.758+05:30  INFO 16096 --- [student-Registration] [restartedMain] o.s.m.s.b.SimpleBrokerMessageHandler     : BrokerAvailabilityEvent[available=true, SimpleBrokerMessageHandler [org.springframework.messaging.simp.broker.DefaultSubscriptionRegistry@28aaf9f4]]
2026-07-25T11:54:18.758+05:30  INFO 16096 --- [student-Registration] [restartedMain] o.s.m.s.b.SimpleBrokerMessageHandler     : Started.
2026-07-25T11:54:18.761+05:30  INFO 16096 --- [student-Registration] [restartedMain] c.s.r.StudentRegistrationApplication     : Started StudentRegistrationApplication in 2.027 seconds (process running for 1366.68)
2026-07-25T11:54:18.762+05:30  INFO 16096 --- [student-Registration] [restartedMain] .ConditionEvaluationDeltaLoggingListener : Condition evaluation unchanged
2026-07-25T11:54:18.869+05:30  INFO 21696 --- [student-Registration] [main] .s.d.r.c.RepositoryConfigurationDelegate : Finished Spring Data repository scanning in 114 ms. Found 9 JPA repository interfaces.
2026-07-25T11:54:19.750+05:30  INFO 21696 --- [student-Registration] [main] o.hibernate.jpa.internal.util.LogHelper  : HHH000204: Processing PersistenceUnitInfo [name: default]
2026-07-25T11:54:19.821+05:30  INFO 21696 --- [student-Registration] [main] org.hibernate.Version                    : HHH000412: Hibernate ORM core version 6.5.3.Final
2026-07-25T11:54:19.856+05:30  INFO 21696 --- [student-Registration] [main] o.h.c.internal.RegionFactoryInitiator    : HHH000026: Second-level cache disabled
2026-07-25T11:54:20.096+05:30  INFO 21696 --- [student-Registration] [main] o.s.o.j.p.SpringPersistenceUnitInfo      : No LoadTimeWeaver setup: ignoring JPA class transformer
2026-07-25T11:54:20.113+05:30  INFO 21696 --- [student-Registration] [main] com.zaxxer.hikari.HikariDataSource       : SPRMS-HikariPool - Starting...
2026-07-25T11:54:20.320+05:30  INFO 21696 --- [student-Registration] [main] com.zaxxer.hikari.pool.HikariPool        : SPRMS-HikariPool - Added connection com.mysql.cj.jdbc.ConnectionImpl@5e3405a1
2026-07-25T11:54:20.321+05:30  INFO 21696 --- [student-Registration] [main] com.zaxxer.hikari.HikariDataSource       : SPRMS-HikariPool - Start completed.
2026-07-25T11:54:21.084+05:30  INFO 21696 --- [student-Registration] [main] o.h.e.t.j.p.i.JtaPlatformInitiator       : HHH000489: No JTA platform available (set 'hibernate.transaction.jta.platform' to enable JTA platform integration)
2026-07-25T11:54:21.095+05:30  INFO 21696 --- [student-Registration] [main] org.hibernate.orm.connections.access     : HHH10001501: Connection obtained from JdbcConnectionAccess [org.hibernate.engine.jdbc.env.internal.JdbcEnvironmentInitiator$ConnectionProviderJdbcConnectionAccess@6238b10a] for (non-JTA) DDL execution was not in auto-commit mode; the Connection 'local transaction' will be committed and the Connection will be set into auto-commit mode.
2026-07-25T11:54:21.143+05:30  INFO 21696 --- [student-Registration] [main] j.LocalContainerEntityManagerFactoryBean : Initialized JPA EntityManagerFactory for persistence unit 'default'
2026-07-25T11:54:22.446+05:30  INFO 21696 --- [student-Registration] [main] c.s.r.config.Resilience4jConfig          : Retry listener registered for bcseaApi
2026-07-25T11:54:22.585+05:30  INFO 21696 --- [student-Registration] [main] o.s.d.j.r.query.QueryEnhancerFactory     : Hibernate is in classpath; If applicable, HQL parser will be used.
2026-07-25T11:54:22.981+05:30  WARN 21696 --- [student-Registration] [main] JpaBaseConfiguration$JpaWebConfiguration : spring.jpa.open-in-view is enabled by default. Therefore, database queries may be performed during view rendering. Explicitly configure spring.jpa.open-in-view to disable this warning
2026-07-25T11:54:23.056+05:30  WARN 21696 --- [student-Registration] [main] .s.s.UserDetailsServiceAutoConfiguration : 

Using generated security password: d0af7803-ec8c-47c2-ba12-5502e392660c

This generated password is for development use only. Your security configuration must be updated before running your application in production.

2026-07-25T11:54:23.098+05:30  INFO 21696 --- [student-Registration] [main] r$InitializeUserDetailsManagerConfigurer : Global AuthenticationManager configured with UserDetailsService bean with name inMemoryUserDetailsManager
2026-07-25T11:54:24.062+05:30  INFO 21696 --- [student-Registration] [main] o.s.m.s.b.SimpleBrokerMessageHandler     : Starting...
2026-07-25T11:54:24.062+05:30  INFO 21696 --- [student-Registration] [main] o.s.m.s.b.SimpleBrokerMessageHandler     : BrokerAvailabilityEvent[available=true, SimpleBrokerMessageHandler [org.springframework.messaging.simp.broker.DefaultSubscriptionRegistry@2bd89b8e]]
2026-07-25T11:54:24.063+05:30  INFO 21696 --- [student-Registration] [main] o.s.m.s.b.SimpleBrokerMessageHandler     : Started.
2026-07-25T11:54:24.070+05:30  INFO 21696 --- [student-Registration] [main] .s.r.StudentRegistrationApplicationTests : Started StudentRegistrationApplicationTests in 6.288 seconds (process running for 7.002)
2026-07-25T11:54:24.399+05:30  INFO 21696 --- [student-Registration] [SpringApplicationShutdownHook] o.s.m.s.b.SimpleBrokerMessageHandler     : Stopping...
2026-07-25T11:54:24.400+05:30  INFO 21696 --- [student-Registration] [SpringApplicationShutdownHook] o.s.m.s.b.SimpleBrokerMessageHandler     : BrokerAvailabilityEvent[available=false, SimpleBrokerMessageHandler [org.springframework.messaging.simp.broker.DefaultSubscriptionRegistry@2bd89b8e]]
2026-07-25T11:54:24.400+05:30  INFO 21696 --- [student-Registration] [SpringApplicationShutdownHook] o.s.m.s.b.SimpleBrokerMessageHandler     : Stopped.
2026-07-25T11:54:24.409+05:30  INFO 21696 --- [student-Registration] [SpringApplicationShutdownHook] j.LocalContainerEntityManagerFactoryBean : Closing JPA EntityManagerFactory for persistence unit 'default'
2026-07-25T11:54:24.412+05:30  INFO 21696 --- [student-Registration] [SpringApplicationShutdownHook] com.zaxxer.hikari.HikariDataSource       : SPRMS-HikariPool - Shutdown initiated...
2026-07-25T11:54:24.419+05:30  INFO 21696 --- [student-Registration] [SpringApplicationShutdownHook] com.zaxxer.hikari.HikariDataSource       : SPRMS-HikariPool - Shutdown completed.
2026-07-25T11:54:51.353+05:30  INFO 16096 --- [student-Registration] [http-nio-8081-exec-1] o.a.c.c.C.[Tomcat-11].[localhost].[/]    : Initializing Spring DispatcherServlet 'dispatcherServlet'
2026-07-25T11:54:51.353+05:30  INFO 16096 --- [student-Registration] [http-nio-8081-exec-1] o.s.web.servlet.DispatcherServlet        : Initializing Servlet 'dispatcherServlet'
2026-07-25T11:54:51.355+05:30  INFO 16096 --- [student-Registration] [http-nio-8081-exec-1] o.s.web.servlet.DispatcherServlet        : Completed initialization in 2 ms
2026-07-25T11:54:51.358+05:30  INFO 16096 --- [student-Registration] [http-nio-8081-exec-1] s.r.c.ScholarshipResgistrationController : @@@Calling the manual CID entry DCRC info  frm...................
2026-07-25T11:55:18.762+05:30  INFO 16096 --- [student-Registration] [MessageBroker-1] o.s.w.s.c.WebSocketMessageBrokerStats    : WebSocketSession[0 current WS(0)-HttpStream(0)-HttpPoll(0), 0 total, 0 closed abnormally (0 connect failure, 0 send limit, 0 transport error)], stompSubProtocol[processed CONNECT(0)-CONNECTED(0)-DISCONNECT(0)], stompBrokerRelay[null], inboundChannel[pool size = 0, active threads = 0, queued tasks = 0, completed tasks = 0], outboundChannel[pool size = 0, active threads = 0, queued tasks = 0, completed tasks = 0], sockJsScheduler[pool size = 1, active threads = 1, queued tasks = 0, completed tasks = 0]
2026-07-25T11:57:01.513+05:30  INFO 16096 --- [student-Registration] [RMI TCP Connection(2)-127.0.0.1] inMXBeanRegistrar$SpringApplicationAdmin : Application shutdown requested.
2026-07-25T11:57:01.514+05:30  INFO 16096 --- [student-Registration] [RMI TCP Connection(2)-127.0.0.1] o.s.m.s.b.SimpleBrokerMessageHandler     : Stopping...
2026-07-25T11:57:01.514+05:30  INFO 16096 --- [student-Registration] [RMI TCP Connection(2)-127.0.0.1] o.s.m.s.b.SimpleBrokerMessageHandler     : BrokerAvailabilityEvent[available=false, SimpleBrokerMessageHandler [org.springframework.messaging.simp.broker.DefaultSubscriptionRegistry@28aaf9f4]]
2026-07-25T11:57:01.514+05:30  INFO 16096 --- [student-Registration] [RMI TCP Connection(2)-127.0.0.1] o.s.m.s.b.SimpleBrokerMessageHandler     : Stopped.
2026-07-25T11:57:01.654+05:30  INFO 16096 --- [student-Registration] [RMI TCP Connection(2)-127.0.0.1] j.LocalContainerEntityManagerFactoryBean : Closing JPA EntityManagerFactory for persistence unit 'default'
2026-07-25T11:57:01.654+05:30  INFO 16096 --- [student-Registration] [RMI TCP Connection(2)-127.0.0.1] com.zaxxer.hikari.HikariDataSource       : SPRMS-HikariPool - Shutdown initiated...
2026-07-25T11:57:01.656+05:30  INFO 16096 --- [student-Registration] [RMI TCP Connection(2)-127.0.0.1] com.zaxxer.hikari.HikariDataSource       : SPRMS-HikariPool - Shutdown completed.
2026-07-25T12:00:31.074+05:30  INFO 29876 --- [student-Registration] [restartedMain] c.s.r.StudentRegistrationApplication     : Starting StudentRegistrationApplication using Java 17.0.3 with PID 29876 (D:\RCSC_SPRMS\SPRMS MAIN\SPRMS_STUDENT_REGISTRATION\target\classes started by eCMS in D:\RCSC_SPRMS\SPRMS MAIN\SPRMS_STUDENT_REGISTRATION)
2026-07-25T12:00:31.075+05:30  INFO 29876 --- [student-Registration] [restartedMain] c.s.r.StudentRegistrationApplication     : The following 1 profile is active: "prod"
2026-07-25T12:00:31.101+05:30  INFO 29876 --- [student-Registration] [restartedMain] .e.DevToolsPropertyDefaultsPostProcessor : Devtools property defaults active! Set 'spring.devtools.add-properties' to 'false' to disable
2026-07-25T12:00:31.101+05:30  INFO 29876 --- [student-Registration] [restartedMain] .e.DevToolsPropertyDefaultsPostProcessor : For additional web related logging consider setting the 'logging.level.web' property to 'DEBUG'
2026-07-25T12:00:31.573+05:30  INFO 29876 --- [student-Registration] [restartedMain] .s.d.r.c.RepositoryConfigurationDelegate : Bootstrapping Spring Data JPA repositories in DEFAULT mode.
2026-07-25T12:00:31.672+05:30  INFO 29876 --- [student-Registration] [restartedMain] .s.d.r.c.RepositoryConfigurationDelegate : Finished Spring Data repository scanning in 94 ms. Found 9 JPA repository interfaces.
2026-07-25T12:00:32.193+05:30  INFO 29876 --- [student-Registration] [restartedMain] o.s.b.w.embedded.tomcat.TomcatWebServer  : Tomcat initialized with port 8081 (http)
2026-07-25T12:00:32.201+05:30  INFO 29876 --- [student-Registration] [restartedMain] o.apache.catalina.core.StandardService   : Starting service [Tomcat]
2026-07-25T12:00:32.201+05:30  INFO 29876 --- [student-Registration] [restartedMain] o.apache.catalina.core.StandardEngine    : Starting Servlet engine: [Apache Tomcat/10.1.31]
2026-07-25T12:00:32.230+05:30  INFO 29876 --- [student-Registration] [restartedMain] o.a.c.c.C.[Tomcat].[localhost].[/]       : Initializing Spring embedded WebApplicationContext
2026-07-25T12:00:32.230+05:30  INFO 29876 --- [student-Registration] [restartedMain] w.s.c.ServletWebServerApplicationContext : Root WebApplicationContext: initialization completed in 1129 ms
2026-07-25T12:00:32.392+05:30  INFO 29876 --- [student-Registration] [restartedMain] o.hibernate.jpa.internal.util.LogHelper  : HHH000204: Processing PersistenceUnitInfo [name: default]
2026-07-25T12:00:32.419+05:30  INFO 29876 --- [student-Registration] [restartedMain] org.hibernate.Version                    : HHH000412: Hibernate ORM core version 6.5.3.Final
2026-07-25T12:00:32.435+05:30  INFO 29876 --- [student-Registration] [restartedMain] o.h.c.internal.RegionFactoryInitiator    : HHH000026: Second-level cache disabled
2026-07-25T12:00:32.576+05:30  INFO 29876 --- [student-Registration] [restartedMain] o.s.o.j.p.SpringPersistenceUnitInfo      : No LoadTimeWeaver setup: ignoring JPA class transformer
2026-07-25T12:00:32.593+05:30  INFO 29876 --- [student-Registration] [restartedMain] com.zaxxer.hikari.HikariDataSource       : SPRMS-HikariPool - Starting...
2026-07-25T12:00:32.769+05:30  INFO 29876 --- [student-Registration] [restartedMain] com.zaxxer.hikari.pool.HikariPool        : SPRMS-HikariPool - Added connection com.mysql.cj.jdbc.ConnectionImpl@113c3d2c
2026-07-25T12:00:32.771+05:30  INFO 29876 --- [student-Registration] [restartedMain] com.zaxxer.hikari.HikariDataSource       : SPRMS-HikariPool - Start completed.
2026-07-25T12:00:33.419+05:30  INFO 29876 --- [student-Registration] [restartedMain] o.h.e.t.j.p.i.JtaPlatformInitiator       : HHH000489: No JTA platform available (set 'hibernate.transaction.jta.platform' to enable JTA platform integration)
2026-07-25T12:00:33.431+05:30  INFO 29876 --- [student-Registration] [restartedMain] org.hibernate.orm.connections.access     : HHH10001501: Connection obtained from JdbcConnectionAccess [org.hibernate.engine.jdbc.env.internal.JdbcEnvironmentInitiator$ConnectionProviderJdbcConnectionAccess@22b158ec] for (non-JTA) DDL execution was not in auto-commit mode; the Connection 'local transaction' will be committed and the Connection will be set into auto-commit mode.
2026-07-25T12:00:33.477+05:30  INFO 29876 --- [student-Registration] [restartedMain] j.LocalContainerEntityManagerFactoryBean : Initialized JPA EntityManagerFactory for persistence unit 'default'
2026-07-25T12:00:34.088+05:30  INFO 29876 --- [student-Registration] [restartedMain] c.s.r.config.Resilience4jConfig          : Retry listener registered for bcseaApi
2026-07-25T12:00:34.146+05:30  INFO 29876 --- [student-Registration] [restartedMain] o.s.d.j.r.query.QueryEnhancerFactory     : Hibernate is in classpath; If applicable, HQL parser will be used.
2026-07-25T12:00:34.364+05:30  WARN 29876 --- [student-Registration] [restartedMain] JpaBaseConfiguration$JpaWebConfiguration : spring.jpa.open-in-view is enabled by default. Therefore, database queries may be performed during view rendering. Explicitly configure spring.jpa.open-in-view to disable this warning
2026-07-25T12:00:34.407+05:30  WARN 29876 --- [student-Registration] [restartedMain] .s.s.UserDetailsServiceAutoConfiguration : 

Using generated security password: 981e5333-b68a-4699-b887-5ae069409dda

This generated password is for development use only. Your security configuration must be updated before running your application in production.

2026-07-25T12:00:34.418+05:30  INFO 29876 --- [student-Registration] [restartedMain] r$InitializeUserDetailsManagerConfigurer : Global AuthenticationManager configured with UserDetailsService bean with name inMemoryUserDetailsManager
2026-07-25T12:00:35.064+05:30  INFO 29876 --- [student-Registration] [restartedMain] o.s.b.d.a.OptionalLiveReloadServer       : LiveReload server is running on port 35729
2026-07-25T12:00:35.096+05:30  INFO 29876 --- [student-Registration] [restartedMain] o.s.b.w.embedded.tomcat.TomcatWebServer  : Tomcat started on port 8081 (http) with context path '/'
2026-07-25T12:00:35.098+05:30  INFO 29876 --- [student-Registration] [restartedMain] o.s.m.s.b.SimpleBrokerMessageHandler     : Starting...
2026-07-25T12:00:35.098+05:30  INFO 29876 --- [student-Registration] [restartedMain] o.s.m.s.b.SimpleBrokerMessageHandler     : BrokerAvailabilityEvent[available=true, SimpleBrokerMessageHandler [org.springframework.messaging.simp.broker.DefaultSubscriptionRegistry@493b24dc]]
2026-07-25T12:00:35.098+05:30  INFO 29876 --- [student-Registration] [restartedMain] o.s.m.s.b.SimpleBrokerMessageHandler     : Started.
2026-07-25T12:00:35.104+05:30  INFO 29876 --- [student-Registration] [restartedMain] c.s.r.StudentRegistrationApplication     : Started StudentRegistrationApplication in 4.257 seconds (process running for 4.699)
2026-07-25T12:00:45.956+05:30  INFO 29876 --- [student-Registration] [http-nio-8081-exec-1] o.a.c.c.C.[Tomcat].[localhost].[/]       : Initializing Spring DispatcherServlet 'dispatcherServlet'
2026-07-25T12:00:45.957+05:30  INFO 29876 --- [student-Registration] [http-nio-8081-exec-1] o.s.web.servlet.DispatcherServlet        : Initializing Servlet 'dispatcherServlet'
2026-07-25T12:00:45.959+05:30  INFO 29876 --- [student-Registration] [http-nio-8081-exec-1] o.s.web.servlet.DispatcherServlet        : Completed initialization in 2 ms
2026-07-25T12:00:56.519+05:30  INFO 29876 --- [student-Registration] [http-nio-8081-exec-2] s.r.c.ScholarshipResgistrationController : @@@Calling the manual CID entry DCRC info  frm...................
2026-07-25T12:01:12.717+05:30  INFO 29876 --- [student-Registration] [http-nio-8081-exec-1] c.s.r.ndi.controller.NdiLoginController  : @@@Calling the NDI API to get token......................
2026-07-25T12:01:12.717+05:30  INFO 29876 --- [student-Registration] [http-nio-8081-exec-1] c.s.r.api.services.NdiRestServices       : @@@Calling the getAccessToken proc..................
2026-07-25T12:01:13.618+05:30  INFO 29876 --- [student-Registration] [http-nio-8081-exec-1] c.s.r.api.services.NdiRestServices       : @@@Calling the createProofRequest proc..................
2026-07-25T12:01:17.151+05:30  INFO 29876 --- [student-Registration] [http-nio-8081-exec-1] c.s.r.a.s.WebhookRegistrationService     : Webhook [sprms01] already exists on provider side.
2026-07-25T12:01:17.267+05:30  INFO 29876 --- [student-Registration] [http-nio-8081-exec-1] c.s.r.api.services.NdiWebhookServices    : @@@Calling the webhookSubscribe.............
2026-07-25T12:01:17.268+05:30  INFO 29876 --- [student-Registration] [http-nio-8081-exec-1] c.s.r.api.services.NdiAuthServices       : @@@Calling the getAccessToken proc..................
2026-07-25T12:01:18.460+05:30  INFO 29876 --- [student-Registration] [http-nio-8081-exec-6] c.s.r.ndi.controller.NdiSseController    : SSE connected thid=e26d8d46-484c-4e13-9591-ec8bb8ace149
2026-07-25T12:01:35.096+05:30  INFO 29876 --- [student-Registration] [MessageBroker-1] o.s.w.s.c.WebSocketMessageBrokerStats    : WebSocketSession[0 current WS(0)-HttpStream(0)-HttpPoll(0), 0 total, 0 closed abnormally (0 connect failure, 0 send limit, 0 transport error)], stompSubProtocol[processed CONNECT(0)-CONNECTED(0)-DISCONNECT(0)], stompBrokerRelay[null], inboundChannel[pool size = 0, active threads = 0, queued tasks = 0, completed tasks = 0], outboundChannel[pool size = 0, active threads = 0, queued tasks = 0, completed tasks = 0], sockJsScheduler[pool size = 1, active threads = 1, queued tasks = 0, completed tasks = 0]
2026-07-25T12:01:38.631+05:30  INFO 29876 --- [student-Registration] [http-nio-8081-exec-4] s.r.c.ScholarshipResgistrationController : @@@Calling the manual CID entry DCRC info  frm...................
2026-07-25T12:01:48.477+05:30  WARN 29876 --- [student-Registration] [pool-5-thread-1] c.s.r.ndi.controller.NdiSseController    : Heartbeat failed thid=e26d8d46-484c-4e13-9591-ec8bb8ace149, count=1
2026-07-25T12:01:48.478+05:30  WARN 29876 --- [student-Registration] [http-nio-8081-exec-2] c.s.r.ndi.controller.NdiSseController    : SSE error thid=e26d8d46-484c-4e13-9591-ec8bb8ace149, msg=An established connection was aborted by the software in your host machine
2026-07-25T12:01:48.480+05:30  INFO 29876 --- [student-Registration] [http-nio-8081-exec-2] c.s.registration.frmbean.NdiSseRegistry  : @@@SSE cleaned safely thid=e26d8d46-484c-4e13-9591-ec8bb8ace149
2026-07-25T12:01:48.491+05:30  WARN 29876 --- [student-Registration] [http-nio-8081-exec-2] c.s.r.G.GlobalExceptionHandler           : @@@Client disconnected from async/SSE response: Response not usable after response errors.
2026-07-25T12:01:48.492+05:30  WARN 29876 --- [student-Registration] [http-nio-8081-exec-2] .m.m.a.ExceptionHandlerExceptionResolver : Resolved [org.springframework.web.context.request.async.AsyncRequestNotUsableException: Response not usable after response errors.]
2026-07-25T12:01:48.493+05:30  INFO 29876 --- [student-Registration] [http-nio-8081-exec-2] c.s.r.ndi.controller.NdiSseController    : SSE completed thid=e26d8d46-484c-4e13-9591-ec8bb8ace149
2026-07-25T12:31:35.112+05:30  INFO 29876 --- [student-Registration] [MessageBroker-1] o.s.w.s.c.WebSocketMessageBrokerStats    : WebSocketSession[0 current WS(0)-HttpStream(0)-HttpPoll(0), 0 total, 0 closed abnormally (0 connect failure, 0 send limit, 0 transport error)], stompSubProtocol[processed CONNECT(0)-CONNECTED(0)-DISCONNECT(0)], stompBrokerRelay[null], inboundChannel[pool size = 0, active threads = 0, queued tasks = 0, completed tasks = 0], outboundChannel[pool size = 0, active threads = 0, queued tasks = 0, completed tasks = 0], sockJsScheduler[pool size = 2, active threads = 1, queued tasks = 0, completed tasks = 1]
2026-07-25T12:58:51.315+05:30  WARN 29876 --- [student-Registration] [SPRMS-HikariPool housekeeper] com.zaxxer.hikari.pool.HikariPool        : SPRMS-HikariPool - Thread starvation or clock leap detected (housekeeper delta=3m14s550ms323µs900ns).
2026-07-25T13:04:22.713+05:30  INFO 29876 --- [student-Registration] [MessageBroker-2] o.s.w.s.c.WebSocketMessageBrokerStats    : WebSocketSession[0 current WS(0)-HttpStream(0)-HttpPoll(0), 0 total, 0 closed abnormally (0 connect failure, 0 send limit, 0 transport error)], stompSubProtocol[processed CONNECT(0)-CONNECTED(0)-DISCONNECT(0)], stompBrokerRelay[null], inboundChannel[pool size = 0, active threads = 0, queued tasks = 0, completed tasks = 0], outboundChannel[pool size = 0, active threads = 0, queued tasks = 0, completed tasks = 0], sockJsScheduler[pool size = 3, active threads = 1, queued tasks = 0, completed tasks = 2]
2026-07-25T13:05:31.242+05:30  INFO 29876 --- [student-Registration] [RMI TCP Connection(2)-127.0.0.1] inMXBeanRegistrar$SpringApplicationAdmin : Application shutdown requested.
2026-07-25T13:05:31.245+05:30  INFO 29876 --- [student-Registration] [RMI TCP Connection(2)-127.0.0.1] o.s.m.s.b.SimpleBrokerMessageHandler     : Stopping...
2026-07-25T13:05:31.245+05:30  INFO 29876 --- [student-Registration] [RMI TCP Connection(2)-127.0.0.1] o.s.m.s.b.SimpleBrokerMessageHandler     : BrokerAvailabilityEvent[available=false, SimpleBrokerMessageHandler [org.springframework.messaging.simp.broker.DefaultSubscriptionRegistry@493b24dc]]
2026-07-25T13:05:31.245+05:30  INFO 29876 --- [student-Registration] [RMI TCP Connection(2)-127.0.0.1] o.s.m.s.b.SimpleBrokerMessageHandler     : Stopped.
2026-07-25T13:05:31.400+05:30  INFO 29876 --- [student-Registration] [RMI TCP Connection(2)-127.0.0.1] j.LocalContainerEntityManagerFactoryBean : Closing JPA EntityManagerFactory for persistence unit 'default'
2026-07-25T13:05:31.403+05:30  INFO 29876 --- [student-Registration] [RMI TCP Connection(2)-127.0.0.1] com.zaxxer.hikari.HikariDataSource       : SPRMS-HikariPool - Shutdown initiated...
2026-07-25T13:05:31.407+05:30  INFO 29876 --- [student-Registration] [RMI TCP Connection(2)-127.0.0.1] com.zaxxer.hikari.HikariDataSource       : SPRMS-HikariPool - Shutdown completed.
